video_id,track_id,target_frame,predicted_x,predicted_y,predicted_utm_x,predicted_utm_y,max_risk_score,risk_zone_count,risk_level
12,651,24,566.3362,391.9041,144909.39,1512687.8,0.0,0,LOW
12,651,25,565.66583,392.28403,144177.25,1516775.8,0.0,0,LOW
12,651,26,567.3499,392.58408,146016.56,1520004.2,0.0,0,LOW
12,651,27,566.83453,393.29474,145453.69,1527651.2,0.0,0,LOW
12,651,28,568.1736,393.26727,146916.16,1527355.6,0.0,0,LOW
12,651,29,572.24347,393.58862,151361.2,1530813.5,0.0,0,LOW
12,651,30,577.98145,394.83936,157628.1,1544271.8,0.0,0,LOW
12,651,31,579.79834,395.8834,159612.47,1555505.8,0.0,0,LOW
12,651,32,581.7512,395.75327,161745.36,1554105.6,0.0,0,LOW
12,651,33,580.55383,395.58267,160437.6,1552270.0,0.0,0,LOW
12,651,34,579.65137,395.18137,159451.95,1547951.8,0.0,0,LOW
12,651,35,578.6858,395.0751,158397.38,1546808.4,0.0,0,LOW
12,651,36,578.99805,394.9827,158738.4,1545814.1,0.0,0,LOW
12,651,37,574.63293,395.26236,153970.92,1548823.2,0.0,0,LOW
12,651,38,574.2577,394.74408,153561.1,1543246.5,0.0,0,LOW
12,651,39,573.766,395.56952,153024.06,1552128.5,0.0,0,LOW
12,651,40,569.56464,395.2142,148435.44,1548305.1,0.0,0,LOW
12,651,41,569.7742,393.96832,148664.28,1534899.1,0.0,0,LOW
12,651,42,571.2324,394.0269,150256.95,1535529.2,0.0,0,LOW
12,651,43,572.48206,393.58002,151621.78,1530720.9,0.0,0,LOW
12,651,44,570.8919,393.85513,149885.06,1533681.2,0.0,0,LOW
12,651,45,570.4846,394.16467,149440.22,1537011.9,0.0,0,LOW
12,651,46,570.3462,394.68814,149289.03,1542644.6,0.0,0,LOW
12,651,47,569.61554,395.00336,148491.03,1546036.4,0.0,0,LOW
12,651,48,568.7465,394.75253,147541.9,1543337.5,0.0,0,LOW
12,651,49,567.4669,394.5281,146144.36,1540922.6,0.0,0,LOW
12,651,50,568.7517,394.3189,147547.58,1538671.5,0.0,0,LOW
12,651,51,570.21063,394.51773,149140.98,1540810.9,0.0,0,LOW
12,651,52,569.7221,394.27127,148607.42,1538159.0,0.0,0,LOW
12,651,53,569.878,394.0504,148777.67,1535782.5,0.0,0,LOW
12,651,54,569.89856,394.07465,148800.14,1536043.2,0.0,0,LOW
12,651,55,569.7805,394.16476,148671.22,1537012.9,0.0,0,LOW
12,651,56,568.55414,394.12372,147331.8,1536571.2,0.0,0,LOW
12,651,57,568.21075,394.30933,146956.75,1538568.5,0.0,0,LOW
12,651,58,567.19073,394.4052,145842.72,1539600.2,0.0,0,LOW
12,651,59,565.7849,394.22177,144307.31,1537626.4,0.0,0,LOW
12,651,60,566.2247,394.0165,144787.6,1535417.6,0.0,0,LOW
12,651,61,566.60474,394.03098,145202.7,1535573.2,0.0,0,LOW
12,651,62,565.8496,393.89255,144377.97,1534083.8,0.0,0,LOW
12,651,63,565.68555,393.80258,144198.78,1533115.8,0.0,0,LOW
12,651,64,565.42944,394.26978,143919.08,1538142.9,0.0,0,LOW
12,651,65,565.15497,394.5188,143619.3,1540822.4,0.0,0,LOW
12,651,66,564.4555,394.66794,142855.36,1542427.2,0.0,0,LOW
12,651,67,564.0834,394.681,142448.92,1542567.8,0.0,0,LOW
12,651,68,565.5846,394.64618,144088.53,1542193.0,0.0,0,LOW
12,651,69,567.8071,395.04,146515.92,1546430.8,0.0,0,LOW
12,651,70,568.3067,394.7764,147061.55,1543594.2,0.0,0,LOW
12,651,71,568.7355,394.5143,147529.84,1540774.1,0.0,0,LOW
12,651,72,568.7766,394.51123,147574.78,1540741.0,0.0,0,LOW
12,651,73,569.5358,394.32422,148403.97,1538728.8,0.0,0,LOW
12,651,74,570.1837,394.21973,149111.58,1537604.4,0.0,0,LOW
12,651,75,570.6306,394.11874,149599.67,1536517.8,0.0,0,LOW
12,651,76,571.1197,394.11633,150133.83,1536491.8,0.0,0,LOW
12,651,77,570.7407,393.90137,149719.94,1534178.8,0.0,0,LOW
12,651,78,572.97424,393.85617,152159.34,1533692.4,0.0,0,LOW
12,651,79,573.38104,394.39774,152603.62,1539519.8,0.0,0,LOW
12,651,80,573.29407,394.27176,152508.64,1538164.2,0.0,0,LOW
12,651,81,572.02386,394.24823,151121.36,1537911.0,0.0,0,LOW
12,651,82,572.31134,394.3271,151435.33,1538759.5,0.0,0,LOW
12,651,83,571.85254,394.33255,150934.23,1538818.4,0.0,0,LOW
12,651,84,572.7687,394.3388,151934.83,1538885.6,0.0,0,LOW
12,651,85,574.59424,394.53708,153928.66,1541019.1,0.0,0,LOW
12,651,86,574.8015,394.81445,154155.05,1544003.8,0.0,0,LOW
12,651,87,577.2283,395.61926,156805.5,1552663.6,0.0,0,LOW
12,651,88,580.56366,396.19067,160448.33,1558812.2,0.0,0,LOW
12,651,89,580.74066,396.27246,160641.66,1559692.2,0.0,0,LOW
12,651,90,582.29846,395.95163,162343.05,1556240.0,0.0,0,LOW
12,651,91,584.64764,396.08624,164908.77,1557688.5,0.0,0,LOW
12,651,92,584.8999,396.39783,165184.28,1561041.2,0.0,0,LOW
12,651,93,583.10876,396.21378,163228.05,1559060.8,0.0,0,LOW
12,651,94,581.90686,396.07333,161915.34,1557549.6,0.0,0,LOW
12,651,95,577.8762,396.2064,157513.17,1558981.4,0.0,0,LOW
12,651,96,574.1582,396.04153,153452.44,1557207.4,0.0,0,LOW
12,651,97,572.7473,395.9714,151911.48,1556452.8,0.0,0,LOW
12,651,98,572.63934,396.01566,151793.56,1556929.0,0.0,0,LOW
12,651,99,573.0335,396.10645,152224.06,1557905.9,0.0,0,LOW
12,651,100,573.3033,396.1944,152518.7,1558852.2,0.0,0,LOW
12,651,101,575.9402,396.0921,155398.67,1557751.5,0.0,0,LOW
12,651,102,577.3703,396.80988,156960.61,1565475.0,0.0,0,LOW
12,651,103,573.75446,396.2591,153011.47,1559548.4,0.0,0,LOW
12,651,104,575.08716,395.94687,154467.02,1556188.8,0.0,0,LOW
12,651,105,577.6501,396.4043,157266.19,1561110.9,0.0,0,LOW
12,651,106,574.716,395.76865,154061.66,1554271.1,0.0,0,LOW
12,651,107,572.83374,395.40918,152005.88,1550403.1,0.0,0,LOW
12,651,108,572.83167,395.43445,152003.62,1550675.0,0.0,0,LOW
12,651,109,572.7286,395.6472,151891.03,1552964.1,0.0,0,LOW
12,651,110,572.6696,395.6291,151826.62,1552769.4,0.0,0,LOW
12,651,111,572.3004,395.63004,151423.39,1552779.6,0.0,0,LOW
12,651,112,572.0403,395.54688,151139.28,1551884.8,0.0,0,LOW
12,651,113,573.3196,395.65146,152536.5,1553010.1,0.0,0,LOW
12,651,114,574.9206,395.87735,154285.1,1555440.8,0.0,0,LOW
12,651,115,575.42847,396.23947,154839.78,1559337.2,0.0,0,LOW
12,651,116,577.27844,396.22574,156860.28,1559189.5,0.0,0,LOW
12,651,117,578.16425,396.38492,157827.75,1560902.2,0.0,0,LOW
12,651,118,578.8269,396.22937,158551.48,1559228.6,0.0,0,LOW
12,651,119,579.1349,396.01782,158887.86,1556952.2,0.0,0,LOW
12,651,120,579.3817,396.08908,159157.44,1557719.0,0.0,0,LOW
12,651,121,579.6268,395.91205,159425.08,1555814.1,0.0,0,LOW
12,651,122,579.77325,395.32703,159585.06,1549519.1,0.0,0,LOW
12,651,123,580.48413,395.1984,160361.47,1548135.0,0.0,0,LOW
12,651,124,580.718,394.65134,160616.92,1542248.5,0.0,0,LOW
12,651,125,580.80316,394.27948,160709.9,1538247.2,0.0,0,LOW
12,651,126,581.6014,394.4361,161581.7,1539932.5,0.0,0,LOW
12,651,127,582.1233,394.63794,162151.72,1542104.4,0.0,0,LOW
12,651,128,582.8454,394.50397,162940.4,1540662.8,0.0,0,LOW
12,651,129,583.3031,394.13348,163440.28,1536676.4,0.0,0,LOW
12,651,130,583.65735,393.86246,163827.19,1533760.0,0.0,0,LOW
12,651,131,584.1855,393.86688,164404.02,1533807.6,0.0,0,LOW
12,651,132,584.6739,394.29764,164937.44,1538442.6,0.0,0,LOW
12,651,133,585.6802,394.21597,166036.48,1537564.0,0.0,0,LOW
12,651,134,585.6027,393.78674,165951.89,1532945.2,0.0,0,LOW
12,651,135,582.73804,393.26398,162823.14,1527320.2,0.0,0,LOW
12,651,136,580.4058,393.218,160275.94,1526825.4,0.0,0,LOW
12,651,137,579.7936,393.21533,159607.27,1526796.8,0.0,0,LOW
12,651,138,579.17896,393.31662,158935.98,1527886.6,0.0,0,LOW
12,651,139,577.7608,393.34937,157387.11,1528239.0,0.0,0,LOW
12,651,140,576.67334,393.22278,156199.4,1526876.9,0.0,0,LOW
12,651,141,578.1565,393.27573,157819.28,1527446.6,2.0,3,LOW
12,651,142,579.2479,393.56168,159011.31,1530523.5,0.0,0,LOW
12,651,143,579.18726,393.45166,158945.06,1529339.8,0.0,0,LOW
12,651,144,575.7414,392.5588,155181.56,1519732.4,0.0,0,LOW
12,651,145,573.8368,392.36063,153101.39,1517600.0,0.0,0,LOW
12,651,146,573.44775,392.47696,152676.5,1518851.8,0.0,0,LOW
12,651,147,572.8328,392.8891,152004.88,1523286.5,0.0,0,LOW
12,651,148,572.99,393.18427,152176.53,1526462.5,0.0,0,LOW
12,651,149,573.17053,393.41873,152373.72,1528985.4,0.0,0,LOW
12,651,150,572.65485,393.94458,151810.5,1534643.8,0.0,0,LOW
12,651,151,572.6744,394.24957,151831.83,1537925.5,0.0,0,LOW
12,651,152,572.4992,394.37396,151640.52,1539264.0,0.0,0,LOW
12,651,153,572.3783,394.29028,151508.45,1538363.5,0.0,0,LOW
12,651,154,572.13275,394.19495,151240.28,1537337.6,0.0,0,LOW
12,651,155,572.2746,394.3488,151395.2,1538993.0,0.0,0,LOW
12,651,156,574.2177,394.82315,153517.42,1544097.2,0.0,0,LOW
12,651,157,575.1121,395.5011,154494.28,1551392.2,0.0,0,LOW
12,651,158,576.6109,395.58905,156131.22,1552338.6,0.0,0,LOW
12,651,159,577.5497,395.89902,157156.53,1555673.9,0.0,0,LOW
12,651,160,577.7283,396.18552,157351.58,1558756.8,0.0,0,LOW
12,651,161,578.383,395.913,158066.66,1555824.2,0.0,0,LOW
12,651,162,578.99646,395.42862,158736.67,1550612.2,0.0,0,LOW
12,651,163,579.0668,394.91794,158813.47,1545117.2,0.0,0,LOW
12,651,164,579.6174,394.76624,159414.81,1543484.9,0.0,0,LOW
12,651,165,579.5921,394.97757,159387.22,1545758.9,0.0,0,LOW
12,651,166,579.74036,395.17422,159549.14,1547875.0,0.0,0,LOW
12,651,167,578.87396,395.37277,158602.88,1550011.4,0.0,0,LOW
12,651,168,579.39276,395.43423,159169.5,1550672.8,0.0,0,LOW
12,651,169,578.12695,395.64136,157787.02,1552901.4,0.0,0,LOW
12,651,170,579.30566,395.62982,159074.38,1552777.2,0.0,0,LOW
12,651,171,581.0699,395.6055,161001.22,1552515.6,0.0,0,LOW
12,651,172,580.9342,395.29758,160853.03,1549202.2,0.0,0,LOW
12,651,173,580.92914,395.15833,160847.5,1547703.9,0.0,0,LOW
12,651,174,581.5068,395.27402,161478.38,1548948.8,0.0,0,LOW
12,651,175,581.4237,395.62787,161387.66,1552756.2,0.0,0,LOW
12,651,176,580.73926,395.57352,160640.12,1552171.5,0.0,0,LOW
12,651,177,580.221,395.51178,160074.1,1551507.1,0.0,0,LOW
12,651,178,578.4802,395.74707,158172.84,1554038.9,0.0,0,LOW
12,651,179,578.10016,395.7452,157757.75,1554018.9,0.0,0,LOW
12,651,180,576.94635,396.0206,156497.6,1556982.1,0.0,0,LOW
12,651,181,575.7515,395.91858,155192.62,1555884.4,0.0,0,LOW
12,651,182,574.04425,395.87518,153327.97,1555417.5,0.0,0,LOW
12,651,183,574.598,396.02246,153932.8,1557002.2,0.0,0,LOW
12,651,184,577.27185,395.89883,156853.1,1555672.0,0.0,0,LOW
12,651,185,577.3299,395.50418,156916.48,1551425.4,0.0,0,LOW
12,651,186,577.3008,395.32654,156884.69,1549513.9,0.0,0,LOW
12,651,187,577.6245,395.37103,157238.27,1549992.6,0.0,0,LOW
12,651,188,577.69324,395.3845,157313.31,1550137.5,0.0,0,LOW
12,651,189,578.13116,395.62778,157791.61,1552755.2,0.0,0,LOW
12,651,190,578.0691,395.13165,157723.81,1547416.9,0.0,0,LOW
12,651,191,577.6356,394.99844,157250.39,1545983.5,0.0,0,LOW
12,651,192,578.5541,395.11844,158253.52,1547274.8,0.0,0,LOW
12,651,193,578.08777,395.50558,157744.22,1551440.5,0.0,0,LOW
12,651,194,576.84454,395.89948,156386.39,1555678.9,0.0,0,LOW
12,651,195,576.1721,396.347,155651.98,1560494.1,0.0,0,LOW
12,651,196,575.5023,396.46912,154920.44,1561808.2,0.0,0,LOW
12,651,197,574.5471,396.40585,153877.2,1561127.6,0.0,0,LOW
12,651,198,573.4525,396.5368,152681.69,1562536.6,0.0,0,LOW
12,651,199,575.42676,395.9119,154837.92,1555812.5,0.0,0,LOW
12,651,200,576.3731,395.92932,155871.5,1556000.0,0.0,0,LOW
12,651,201,577.4117,395.65753,157005.81,1553075.5,0.0,0,LOW
12,651,202,578.14166,395.73148,157803.08,1553871.1,0.0,0,LOW
12,651,203,578.3821,395.35004,158065.66,1549766.8,0.0,0,LOW
12,651,204,577.93634,395.18808,157578.83,1548024.0,0.0,0,LOW
12,651,205,577.74506,395.2475,157369.9,1548663.4,0.0,0,LOW
12,651,206,577.21277,395.3239,156788.56,1549485.6,0.0,0,LOW
12,651,207,576.58057,395.48013,156098.1,1551166.6,0.0,0,LOW
12,651,208,576.8851,395.5354,156430.66,1551761.2,0.0,0,LOW
12,651,209,576.9185,395.59695,156467.19,1552423.6,0.0,0,LOW
12,651,210,577.1676,395.8514,156739.23,1555161.6,0.0,0,LOW
12,651,211,576.3877,396.1044,155887.44,1557883.9,0.0,0,LOW
12,651,212,576.81903,395.96887,156358.53,1556425.5,0.0,0,LOW
12,651,213,577.6121,396.0059,157224.72,1556823.9,0.0,0,LOW
12,651,214,577.8086,396.0404,157439.31,1557195.2,0.0,0,LOW
12,651,215,578.57526,396.10745,158276.64,1557916.8,0.0,0,LOW
12,651,216,579.5477,396.50092,159338.75,1562150.5,0.0,0,LOW
12,651,217,578.6695,396.7441,158379.56,1564767.2,0.0,0,LOW
12,651,218,577.965,396.48297,157610.16,1561957.4,0.0,0,LOW
12,651,219,579.18665,396.6528,158944.39,1563784.8,0.0,0,LOW
12,651,220,580.20874,396.70026,160060.69,1564295.5,0.0,0,LOW
12,651,221,579.81616,396.40155,159631.94,1561081.2,0.0,0,LOW
12,651,222,580.55426,395.98627,160438.06,1556612.8,0.0,0,LOW
12,651,223,581.18713,395.87326,161129.28,1555396.8,0.0,0,LOW
12,651,224,581.8169,395.71036,161817.1,1553643.9,0.0,0,LOW
12,651,225,582.15485,395.43448,162186.19,1550675.4,0.0,0,LOW
12,651,226,582.41864,395.1767,162474.3,1547901.5,0.0,0,LOW
12,651,227,582.99414,394.83093,163102.84,1544181.0,0.0,0,LOW
12,651,228,583.50854,394.43527,163664.67,1539923.6,0.0,0,LOW
12,651,229,583.75684,394.17194,163935.84,1537090.1,0.0,0,LOW
12,651,230,584.7956,393.57965,165070.36,1530717.0,0.0,0,LOW
12,651,231,585.22766,393.45578,165542.25,1529384.0,0.0,0,LOW
12,651,232,585.255,393.38138,165572.12,1528583.5,0.0,0,LOW
12,651,233,584.8923,393.26926,165175.95,1527377.0,0.0,0,LOW
12,651,234,582.8922,393.2183,162991.53,1526828.6,0.0,0,LOW
12,651,235,581.35187,393.53607,161309.19,1530248.0,0.0,0,LOW
12,651,236,577.28613,394.29315,156868.69,1538394.4,0.0,0,LOW
12,651,237,573.759,394.17767,153016.4,1537151.8,0.0,0,LOW
12,651,238,570.25287,394.087,149187.11,1536176.2,0.0,0,LOW
12,651,239,568.762,393.92538,147558.84,1534437.1,0.0,0,LOW
12,651,240,568.56354,393.81165,147342.06,1533213.2,0.0,0,LOW
12,651,241,569.1867,393.71326,148022.67,1532154.6,0.0,0,LOW
12,651,242,570.8031,394.0428,149788.06,1535700.4,0.0,0,LOW
12,651,243,571.64526,394.2982,150707.86,1538448.6,0.0,0,LOW
12,651,244,572.3748,393.79736,151504.66,1533059.6,0.0,0,LOW
12,651,245,573.63995,393.1125,152886.4,1525690.1,0.0,0,LOW
12,651,246,574.19543,392.8956,153493.1,1523356.4,0.0,1,LOW
12,651,247,574.31525,392.7289,153623.95,1521562.8,2.0,1,LOW
12,651,248,574.07874,392.70792,153365.64,1521336.9,0.0,0,LOW
12,651,249,573.73303,391.84113,152988.06,1512010.0,0.0,0,LOW
12,651,250,572.9551,391.44388,152138.4,1507735.5,2.0,1,LOW
12,651,251,570.61194,391.08438,149579.28,1503867.2,0.0,0,LOW
12,651,252,570.89154,390.73584,149884.66,1500116.9,2.0,1,LOW
12,651,253,570.58765,390.27182,149552.75,1495123.9,0.0,0,LOW
12,651,254,570.36725,390.37344,149312.03,1496217.4,2.0,4,LOW
12,651,255,569.8532,390.44156,148750.61,1496950.2,0.0,0,LOW
12,651,256,569.5268,390.71817,148394.11,1499926.8,0.0,1,LOW
12,651,257,570.25824,391.1376,149192.97,1504439.9,0.0,0,LOW
12,651,258,570.5072,391.6695,149464.89,1510163.2,2.0,1,LOW
12,651,259,571.2669,391.83377,150294.62,1511930.9,0.0,0,LOW
12,651,260,571.3342,392.069,150368.16,1514462.0,2.0,1,LOW
12,651,261,571.1,392.45322,150112.3,1518596.2,0.0,0,LOW
12,651,262,570.95264,393.11844,149951.38,1525754.2,0.0,0,LOW
12,651,263,571.6839,393.52515,150750.05,1530130.5,0.0,0,LOW
12,651,264,572.4334,393.3123,151568.66,1527840.0,0.0,0,LOW
12,651,265,572.43445,393.10776,151569.78,1525639.2,0.0,0,LOW
12,651,266,573.1823,392.9978,152386.58,1524456.1,2.0,1,LOW
12,651,267,573.68726,392.63608,152938.08,1520563.9,0.0,0,LOW
12,651,268,573.924,392.00418,153196.66,1513764.5,0.0,0,LOW
12,651,269,574.9296,391.56772,154294.97,1509068.0,0.0,0,LOW
12,651,270,575.1446,391.57428,154529.75,1509138.6,0.0,0,LOW
12,651,271,575.9862,391.6155,155448.94,1509582.2,0.0,0,LOW
12,651,272,576.44934,391.59573,155954.77,1509369.5,0.0,0,LOW
12,651,273,577.1157,391.62924,156682.56,1509730.0,0.0,0,LOW
12,651,274,577.38617,391.6605,156977.94,1510066.4,2.0,1,LOW
12,651,275,577.83545,391.596,157468.64,1509372.5,0.0,0,LOW
12,651,276,578.6447,391.48236,158352.5,1508149.6,2.0,2,LOW
12,651,277,579.1269,391.5752,158879.12,1509148.5,0.0,0,LOW
12,651,278,579.7094,391.49057,159515.34,1508237.9,0.0,0,LOW
12,651,279,578.0444,391.90527,157696.83,1512700.2,0.0,0,LOW
12,651,280,577.76514,391.4867,157391.84,1508196.2,2.0,1,LOW
12,651,281,576.7632,390.9349,156297.53,1502258.9,0.0,0,LOW
12,651,282,574.44336,390.7229,153763.88,1499977.6,0.0,0,LOW
12,651,283,573.28503,390.59186,152498.78,1498567.5,0.0,0,LOW
12,651,284,573.0456,390.30225,152237.27,1495451.2,0.0,1,LOW
12,651,285,574.2068,390.032,153505.5,1492543.5,2.0,1,LOW
12,651,286,575.1391,389.58368,154523.75,1487719.2,0.0,0,LOW
12,651,287,571.3668,389.28418,150403.75,1484496.6,0.0,0,LOW
12,651,288,568.2771,389.248,147029.22,1484107.1,0.0,0,LOW
12,651,289,565.53613,389.60754,144035.6,1487976.1,0.0,0,LOW
12,651,290,563.4036,389.78412,141706.52,1489876.1,0.0,0,LOW
12,651,291,564.49414,389.6043,142897.55,1487941.2,0.0,1,LOW
12,651,292,565.1474,389.8611,143611.03,1490704.5,2.0,1,LOW
12,651,293,566.1064,389.8967,144658.4,1491087.5,0.0,0,LOW
12,651,294,565.68695,390.29663,144200.31,1495390.9,0.0,0,LOW
12,651,295,564.54144,391.1269,142949.22,1504324.6,0.0,0,LOW
12,651,296,564.2688,391.77118,142651.44,1511257.4,2.0,1,LOW
12,651,297,564.8032,391.70758,143235.12,1510573.0,0.0,0,LOW
12,651,298,564.0217,391.6826,142381.6,1510304.1,2.0,1,LOW
12,651,299,562.683,391.58508,140919.45,1509254.9,0.0,0,LOW
12,651,300,563.34216,391.319,141639.39,1506391.8,0.0,0,LOW
12,651,301,564.83374,391.44077,143268.45,1507702.0,0.0,0,LOW
12,651,302,565.9314,391.81067,144467.3,1511682.2,0.0,0,LOW
12,651,303,567.04584,391.61792,145684.47,1509608.2,0.0,0,LOW
12,651,304,563.5071,390.7067,141819.5,1499803.2,0.0,0,LOW
12,651,305,561.56036,390.36932,139693.34,1496173.0,0.0,0,LOW
12,651,306,560.8971,390.33908,138968.94,1495847.6,0.0,0,LOW
12,651,307,562.4368,390.52158,140650.6,1497811.2,0.0,0,LOW
12,651,308,562.7434,390.80563,140985.44,1500867.9,0.0,0,LOW
12,651,309,563.9747,390.80142,142330.2,1500822.5,2.0,1,LOW
12,651,310,564.256,391.28192,142637.44,1505992.8,0.0,0,LOW
12,651,311,563.4195,391.8076,141723.84,1511649.1,0.0,0,LOW
12,651,312,564.69037,391.85965,143111.88,1512209.2,2.0,1,LOW
12,651,313,565.40173,391.8665,143888.81,1512282.9,0.0,1,LOW
12,651,314,566.48706,391.6713,145074.17,1510182.5,2.0,1,LOW
12,651,315,566.7815,391.47937,145395.75,1508117.4,0.0,0,LOW
12,651,316,567.24066,391.30478,145897.25,1506238.8,0.0,1,LOW
12,651,317,567.50616,391.19928,146187.22,1505103.5,0.0,0,LOW
12,651,318,567.6141,391.26514,146305.08,1505812.2,2.0,1,LOW
12,651,319,567.66583,391.55292,146361.61,1508908.8,0.0,0,LOW
12,651,320,568.0607,391.59653,146792.9,1509378.0,2.0,1,LOW
12,651,321,568.1679,391.68347,146909.97,1510313.6,2.0,1,LOW
12,651,322,568.19366,391.41522,146938.1,1507427.1,2.0,1,LOW
12,651,323,567.92944,391.14734,146649.52,1504544.6,0.0,0,LOW
12,651,324,568.18335,391.2251,146926.83,1505381.4,0.0,0,LOW
12,651,325,569.4072,391.88095,148263.52,1512438.5,2.0,1,LOW
12,651,326,566.08575,391.61618,144635.88,1509589.5,2.0,1,LOW
12,651,327,564.4946,391.33572,142898.1,1506571.8,0.0,0,LOW
12,651,328,564.9767,391.39645,143424.58,1507225.2,0.0,0,LOW
12,651,329,566.14105,391.50742,144696.28,1508419.2,2.0,1,LOW
12,651,330,567.3854,391.72006,146055.3,1510707.2,0.0,0,LOW
12,651,331,566.7802,391.99146,145394.34,1513627.5,2.0,1,LOW
12,651,332,566.43585,391.83295,145018.25,1511922.0,0.0,0,LOW
12,651,333,567.05133,391.7681,145690.47,1511224.2,2.0,1,LOW
12,651,334,565.2137,391.93774,143683.42,1513049.6,2.0,1,LOW
12,651,335,564.9638,391.71185,143410.52,1510619.0,0.0,0,LOW
12,651,336,564.6643,392.09354,143083.4,1514726.0,0.0,0,LOW
12,651,337,564.366,392.66486,142757.62,1520873.5,0.0,0,LOW
12,651,338,564.7913,393.36682,143222.12,1528426.9,0.0,0,LOW
12,651,339,565.7994,393.59048,144323.11,1530833.5,0.0,0,LOW
12,651,340,567.94714,393.58734,146668.84,1530799.8,0.0,0,LOW
12,651,341,568.89935,393.9202,147708.83,1534381.2,0.0,0,LOW
12,651,342,569.12244,393.93036,147952.48,1534490.6,0.0,0,LOW
12,651,343,569.05444,393.79523,147878.22,1533036.6,0.0,0,LOW
12,651,344,569.3973,393.70932,148252.66,1532112.2,0.0,0,LOW
12,651,345,569.1517,393.44122,147984.4,1529227.4,0.0,0,LOW
12,651,346,571.31854,393.71744,150351.02,1532199.6,0.0,0,LOW
12,651,347,572.67993,394.37692,151837.89,1539295.8,0.0,0,LOW
12,651,348,572.8262,394.64008,151997.62,1542127.4,0.0,0,LOW
12,651,349,572.7135,394.58514,151874.56,1541536.2,0.0,0,LOW
12,651,350,572.5902,394.44482,151739.9,1540026.4,0.0,0,LOW
12,651,351,572.49384,394.42932,151634.64,1539859.6,0.0,0,LOW
12,651,352,572.75775,394.5244,151922.89,1540882.9,0.0,0,LOW
12,651,353,573.67804,394.60577,152928.0,1541758.2,0.0,0,LOW
12,651,354,573.89954,394.69827,153169.92,1542753.6,0.0,0,LOW
12,651,355,574.6438,394.73972,153982.8,1543199.5,0.0,0,LOW
12,651,356,574.3109,395.1911,153619.22,1548056.5,0.0,0,LOW
12,651,357,575.6209,394.93033,155049.97,1545250.6,0.0,0,LOW
12,651,358,572.57227,394.30325,151720.31,1538503.1,0.0,0,LOW
12,651,359,570.69495,394.2098,149669.94,1537497.6,0.0,0,LOW
12,651,360,570.63916,394.38687,149609.02,1539402.9,0.0,0,LOW
12,651,361,570.7822,394.82098,149765.27,1544074.0,0.0,0,LOW
12,651,362,571.9264,395.08524,151014.89,1546917.4,0.0,0,LOW
12,651,363,572.90204,395.2569,152080.47,1548764.5,0.0,0,LOW
12,651,364,573.5554,395.13788,152794.1,1547483.9,0.0,0,LOW
12,651,365,574.3773,394.99622,153691.75,1545959.5,0.0,0,LOW
12,651,366,574.0176,394.84503,153298.84,1544332.8,0.0,0,LOW
12,651,367,573.6828,394.75845,152933.2,1543401.1,0.0,0,LOW
12,651,368,573.97626,394.81665,153253.72,1544027.4,0.0,0,LOW
12,651,369,574.5612,395.05002,153892.6,1546538.5,0.0,0,LOW
12,651,370,575.04034,395.21014,154415.89,1548261.5,0.0,0,LOW
12,651,371,575.2183,395.30475,154610.28,1549279.4,0.0,0,LOW
12,651,372,575.56805,395.29602,154992.25,1549185.5,0.0,0,LOW
12,651,373,576.11536,395.4606,155590.0,1550956.5,0.0,0,LOW
12,651,374,576.7354,395.45065,156267.2,1550849.4,0.0,0,LOW
12,651,375,576.87756,395.69635,156422.47,1553493.1,0.0,0,LOW
12,651,376,576.29346,395.445,155784.52,1550788.6,0.0,0,LOW
12,651,377,576.20465,394.8332,155687.52,1544205.4,0.0,0,LOW
12,651,378,576.2408,395.06107,155726.98,1546657.4,0.0,0,LOW
12,651,379,576.57324,395.14377,156090.1,1547547.2,0.0,0,LOW
12,651,380,575.9388,395.27518,155397.14,1548961.2,0.0,0,LOW
12,651,381,575.89923,394.98465,155353.94,1545835.1,0.0,0,LOW
12,651,382,572.46875,394.374,151607.25,1539264.2,0.0,0,LOW
12,651,383,569.8575,394.4487,148755.28,1540068.1,0.0,0,LOW
12,651,384,570.18005,394.56247,149107.58,1541292.2,0.0,0,LOW
12,651,385,570.36383,394.99692,149308.3,1545967.1,0.0,0,LOW
12,651,386,570.95233,395.1027,149951.05,1547105.2,0.0,0,LOW
12,651,387,571.5651,395.17062,150620.33,1547836.2,0.0,0,LOW
12,651,388,571.0523,395.2854,150060.23,1549071.2,0.0,0,LOW
12,651,389,570.91,395.2447,149904.78,1548633.2,0.0,0,LOW
12,651,390,570.42285,395.29712,149372.77,1549197.4,0.0,0,LOW
12,651,391,570.9944,395.33856,149996.98,1549643.2,0.0,0,LOW
12,651,392,571.37775,395.63672,150415.67,1552851.5,0.0,0,LOW
12,651,393,571.4843,395.68677,150532.06,1553390.0,0.0,0,LOW
12,651,394,571.42255,395.68466,150464.61,1553367.4,0.0,0,LOW
12,651,395,572.1267,395.76385,151233.69,1554219.5,0.0,0,LOW
12,651,396,570.9301,395.53186,149926.78,1551723.2,0.0,0,LOW
12,651,397,568.83234,395.47565,147635.64,1551118.4,0.0,0,LOW
12,651,398,566.97644,395.5198,145608.67,1551593.5,0.0,0,LOW
12,651,399,565.77484,395.5798,144296.31,1552239.1,0.0,0,LOW
12,651,400,565.66516,395.39563,144176.52,1550257.4,0.0,0,LOW
12,651,401,564.00586,395.32294,142364.27,1549475.1,0.0,0,LOW
12,651,402,562.2144,395.3815,140407.69,1550105.2,0.0,0,LOW
12,651,403,561.4004,395.47665,139518.62,1551129.1,0.0,0,LOW
12,651,404,561.1288,395.51938,139221.98,1551588.9,0.0,0,LOW
12,651,405,560.5206,395.58606,138557.77,1552306.4,0.0,0,LOW
12,651,406,561.02515,395.5149,139108.8,1551540.6,0.0,0,LOW
12,651,407,560.97003,395.64346,139048.6,1552924.1,0.0,0,LOW
12,651,408,560.8,395.66504,138862.88,1553156.2,0.0,0,LOW
12,651,409,563.8579,395.9343,142202.67,1556053.5,0.0,0,LOW
12,651,410,565.894,396.14417,144426.44,1558311.8,0.0,0,LOW
12,651,411,566.9361,396.10257,145564.61,1557864.2,0.0,0,LOW
12,651,412,563.689,395.5528,142018.22,1551948.5,0.0,0,LOW
12,651,413,562.9933,395.21286,141258.34,1548290.8,0.0,0,LOW
12,651,414,562.248,395.3749,140444.36,1550034.4,0.0,0,LOW
12,651,415,561.2604,395.26782,139365.7,1548882.1,0.0,0,LOW
12,651,416,562.3857,395.1473,140594.73,1547585.4,0.0,0,LOW
12,651,417,565.0003,395.8172,143450.38,1554793.5,0.0,0,LOW
12,651,418,566.13336,395.54987,144687.88,1551917.0,0.0,0,LOW
12,651,419,566.73596,395.171,145346.03,1547840.1,0.0,0,LOW
12,651,420,567.8634,395.33237,146577.39,1549576.6,0.0,0,LOW
12,651,421,568.5787,395.59802,147358.6,1552435.1,0.0,0,LOW
12,651,422,568.1604,395.59018,146901.77,1552350.8,0.0,0,LOW
12,651,423,568.8056,395.3122,147606.44,1549359.5,0.0,0,LOW
12,651,424,569.4931,395.30493,148357.31,1549281.4,0.0,0,LOW
12,651,425,569.56384,395.29102,148434.58,1549131.6,0.0,0,LOW
12,651,426,569.63983,395.51956,148517.56,1551590.9,0.0,0,LOW
12,651,427,570.14795,395.6873,149072.52,1553395.6,0.0,0,LOW
12,651,428,570.23553,395.77637,149168.19,1554354.1,0.0,0,LOW
12,651,429,569.4491,395.35303,148309.25,1549798.9,0.0,0,LOW
12,651,430,568.8941,395.27515,147703.1,1548960.9,0.0,0,LOW
12,651,431,566.9531,395.23578,145583.2,1548537.2,0.0,0,LOW
12,651,432,567.2354,395.1973,145891.52,1548123.2,0.0,0,LOW
12,651,433,563.82965,394.57745,142171.81,1541453.5,0.0,0,LOW
12,651,434,564.46497,394.9569,142865.69,1545536.6,0.0,0,LOW
12,651,435,565.1953,395.68744,143663.36,1553397.2,0.0,0,LOW
12,651,436,564.51434,395.94373,142919.62,1556155.0,0.0,0,LOW
12,651,437,560.2852,395.02872,138300.66,1546309.2,0.0,0,LOW
12,651,438,557.6047,395.0463,135373.03,1546498.4,0.0,0,LOW
12,651,439,559.3562,395.3849,137286.0,1550141.8,0.0,0,LOW
12,651,440,558.12317,395.26337,135939.31,1548834.1,0.0,0,LOW
12,651,441,555.66003,395.18033,133249.14,1547940.6,0.0,0,LOW
12,651,442,554.2567,395.20493,131716.45,1548205.2,0.0,0,LOW
12,651,443,550.6483,395.56235,127775.445,1552051.2,0.0,0,LOW
12,651,444,549.7439,395.3447,126787.66,1549709.2,0.0,0,LOW
12,651,445,548.97144,395.48138,125943.99,1551180.0,0.0,0,LOW
12,651,446,549.206,395.56885,126200.17,1552121.2,0.0,0,LOW
12,651,447,549.36224,395.69196,126370.83,1553445.9,0.0,0,LOW
12,651,448,547.8635,395.76614,124733.95,1554244.1,0.0,0,LOW
12,651,449,546.96423,395.6363,123751.77,1552846.9,0.0,0,LOW
12,651,450,546.6575,395.48505,123416.73,1551219.5,0.0,0,LOW
12,651,451,548.52094,395.2126,125451.97,1548287.8,0.0,0,LOW
12,651,452,550.15936,395.34592,127241.42,1549722.4,0.0,0,LOW
12,651,453,550.9201,395.28372,128072.29,1549053.1,0.0,0,LOW
12,651,454,551.2616,394.83643,128445.26,1544240.1,0.0,0,LOW
12,651,455,551.8467,394.23627,129084.27,1537782.2,0.0,0,LOW
12,651,456,552.6881,394.17947,130003.266,1537171.2,0.0,0,LOW
12,651,457,553.3468,394.18805,130722.67,1537263.5,0.0,0,LOW
12,651,458,554.162,394.4851,131613.0,1540459.9,0.0,0,LOW
12,651,459,549.78467,393.59457,126832.19,1530877.5,0.0,0,LOW
12,651,460,547.9239,393.65964,124799.88,1531577.6,0.0,0,LOW
12,651,461,550.29034,394.20792,127384.48,1537477.2,0.0,0,LOW
12,651,462,548.1381,394.18167,125033.87,1537194.9,0.0,0,LOW
12,651,463,546.4801,393.94672,123223.016,1534666.6,0.0,0,LOW
12,651,464,549.1003,394.2856,126084.71,1538313.2,0.0,0,LOW
12,651,465,551.39374,394.9198,128589.58,1545137.2,0.0,0,LOW
12,651,466,552.6459,394.67902,129957.13,1542546.4,0.0,0,LOW
12,651,467,553.0995,394.63785,130452.56,1542103.4,0.0,0,LOW
12,651,468,549.5947,393.98175,126624.734,1535043.6,0.0,0,LOW
12,651,469,551.3604,394.55597,128553.18,1541222.4,0.0,0,LOW
12,651,470,551.6707,394.66946,128892.086,1542443.6,0.0,0,LOW
12,651,471,551.44794,394.35147,128648.77,1539021.9,0.0,0,LOW
12,651,472,548.4943,393.94998,125422.9,1534701.8,0.0,0,LOW
12,651,473,548.5117,393.8111,125441.9,1533207.4,0.0,0,LOW
12,651,474,546.9938,394.39502,123784.03,1539490.5,0.0,0,LOW
12,651,475,547.91364,394.31323,124788.69,1538610.5,0.0,0,LOW
12,651,476,547.2041,394.32068,124013.75,1538690.6,0.0,0,LOW
12,651,477,548.2012,394.15552,125102.73,1536913.4,0.0,0,LOW
12,651,478,547.17896,394.1197,123986.28,1536527.9,0.0,0,LOW
12,651,479,546.7559,394.30466,123524.26,1538518.2,0.0,0,LOW
12,651,480,546.24713,394.60538,122968.57,1541754.0,0.0,0,LOW
12,651,481,545.3088,394.36044,121943.72,1539118.5,0.0,0,LOW
12,651,482,544.0137,394.77444,120529.234,1543573.2,0.0,0,LOW
12,651,483,543.991,395.0207,120504.5,1546222.9,0.0,0,LOW
12,651,484,543.5406,394.93686,120012.54,1545320.9,0.0,0,LOW
12,651,485,543.77454,394.6717,120268.055,1542467.6,0.0,0,LOW
12,651,486,545.6747,394.68292,122343.35,1542588.4,0.0,0,LOW
12,651,487,546.105,394.40762,122813.31,1539626.1,0.0,0,LOW
12,651,488,546.36145,394.51062,123093.42,1540734.4,0.0,0,LOW
12,651,489,546.60486,394.2348,123359.266,1537766.5,0.0,0,LOW
12,651,490,546.8575,394.25323,123635.18,1537964.9,0.0,0,LOW
12,651,491,545.9686,394.41528,122664.39,1539708.5,0.0,0,LOW
12,651,492,546.13855,394.73993,122849.98,1543201.9,0.0,0,LOW
12,651,493,545.7355,394.76413,122409.74,1543462.2,0.0,0,LOW
12,651,494,545.61383,394.73618,122276.89,1543161.5,0.0,0,LOW
12,651,495,546.40186,394.70258,123137.555,1542799.9,0.0,0,LOW
12,651,496,545.4837,394.93323,122134.766,1545281.8,0.0,0,LOW
12,651,497,544.75323,394.8549,121336.97,1544438.9,0.0,0,LOW
12,651,498,544.0637,394.93222,120583.89,1545271.0,0.0,0,LOW
12,651,499,546.5434,395.20758,123292.14,1548233.9,0.0,0,LOW
12,651,500,547.532,395.0965,124371.85,1547038.6,0.0,0,LOW
12,651,501,548.1085,394.89172,125001.53,1544835.1,0.0,0,LOW
12,651,502,549.0034,394.64676,125978.92,1542199.2,0.0,0,LOW
12,651,503,549.90295,394.36044,126961.375,1539118.5,0.0,0,LOW
12,651,504,551.3018,394.51706,128489.19,1540803.8,0.0,0,LOW
12,651,505,552.47107,394.86673,129766.22,1544566.2,0.0,0,LOW
12,651,506,552.401,394.87753,129689.69,1544682.5,0.0,0,LOW
12,651,507,552.0336,394.77017,129288.45,1543527.2,0.0,0,LOW
12,651,508,552.598,394.61166,129904.875,1541821.6,0.0,0,LOW
12,651,509,553.2407,394.47662,130606.81,1540368.6,0.0,0,LOW
12,651,510,553.8594,394.00467,131282.5,1535290.2,0.0,0,LOW
12,651,511,554.7112,393.6252,132212.81,1531207.2,0.0,0,LOW
12,651,512,555.8289,393.2809,133433.6,1527502.5,0.0,0,LOW
12,651,513,555.86365,393.39545,133471.52,1528734.9,0.0,0,LOW
12,651,514,556.1633,393.26282,133798.83,1527307.8,0.0,0,LOW
12,651,515,557.2706,393.15427,135008.19,1526139.8,0.0,0,LOW
12,651,516,558.9099,393.3946,136798.58,1528725.6,0.0,0,LOW
12,651,517,560.47595,393.76138,138508.97,1532672.5,0.0,0,LOW
12,651,518,560.69305,394.59912,138746.1,1541686.8,0.0,0,LOW
12,651,519,562.55347,394.54193,140777.98,1541071.4,0.0,0,LOW
12,651,520,563.28766,394.82825,141579.86,1544152.1,0.0,0,LOW
12,651,521,563.79944,394.74194,142138.81,1543223.5,0.0,0,LOW
12,651,522,564.51025,394.54764,142915.16,1541132.8,0.0,0,LOW
12,651,523,565.35974,394.40732,143842.94,1539622.9,0.0,0,LOW
12,651,524,565.7343,394.3848,144252.05,1539380.5,0.0,0,LOW
12,651,525,566.0892,394.29764,144639.61,1538442.6,0.0,0,LOW
12,651,526,566.31555,394.2225,144886.86,1537634.2,0.0,0,LOW
12,651,527,567.2944,393.95105,145955.9,1534713.2,0.0,0,LOW
12,651,528,568.4006,393.7569,147164.08,1532624.1,0.0,0,LOW
12,651,529,568.86285,393.71472,147668.97,1532170.4,0.0,0,LOW
12,651,530,569.377,393.33685,148230.53,1528104.4,0.0,0,LOW
12,651,531,569.7052,392.91898,148588.95,1523607.9,0.0,0,LOW
12,651,532,570.1702,392.5913,149096.84,1520082.1,2.0,1,LOW
12,651,533,570.60565,392.55325,149572.4,1519672.6,2.0,1,LOW
12,651,534,570.9261,392.596,149922.39,1520132.8,0.0,0,LOW
12,651,535,571.7539,392.76974,150826.52,1522002.1,0.0,0,LOW
12,651,536,572.2462,392.4255,151364.2,1518298.1,0.0,0,LOW
12,651,537,572.01184,392.1346,151108.22,1515168.0,0.0,0,LOW
12,651,538,571.7144,391.94156,150783.38,1513090.6,0.0,0,LOW
12,651,539,572.1067,391.8344,151211.81,1511937.8,0.0,0,LOW
12,651,540,572.5716,392.08102,151719.56,1514591.4,2.0,1,LOW
12,651,541,572.8023,392.20496,151971.56,1515924.9,0.0,0,LOW
12,651,542,573.99054,392.14545,153269.31,1515284.5,2.0,1,LOW
12,651,543,574.65784,392.2975,153998.12,1516920.5,0.0,0,LOW
12,651,544,575.7709,392.39188,155213.75,1517936.2,0.0,0,LOW
12,651,545,577.9145,392.88428,157554.97,1523234.5,0.0,0,LOW
12,651,546,578.32794,393.3885,158006.53,1528660.0,0.0,0,LOW
12,651,547,578.4151,393.31052,158101.72,1527821.0,2.0,1,LOW
12,651,548,578.891,393.18515,158621.48,1526472.0,2.0,1,LOW
12,651,549,579.1155,393.09525,158866.66,1525504.6,0.0,0,LOW
12,651,550,580.0097,392.43393,159843.31,1518388.8,0.0,0,LOW
12,651,551,580.6833,391.7556,160578.98,1511089.9,0.0,0,LOW
12,651,552,580.56067,391.44568,160445.06,1507754.9,0.0,0,LOW
12,651,553,580.9029,391.0127,160818.84,1503095.9,0.0,0,LOW
12,651,554,581.4192,390.7495,161382.72,1500264.0,0.0,0,LOW
12,651,555,581.8205,390.3742,161821.03,1496225.5,0.0,0,LOW
12,651,556,582.4643,390.2955,162524.16,1495378.8,0.0,0,LOW
12,651,557,584.10803,390.48517,164319.42,1497419.5,0.0,2,LOW
12,651,558,585.9083,390.96075,166285.66,1502537.0,0.0,0,LOW
12,651,559,588.9768,391.465,169637.0,1507962.8,2.0,1,LOW
12,651,560,591.119,392.0109,171976.67,1513836.8,0.0,0,LOW
12,651,561,594.02106,392.78513,175146.22,1522167.6,0.0,0,LOW
12,651,562,596.52277,393.4543,177878.53,1529368.2,0.0,0,LOW
12,651,563,600.708,393.37982,182449.56,1528566.8,0.0,0,LOW
12,651,564,604.1408,393.487,186198.78,1529720.0,0.0,0,LOW
12,651,565,604.3803,393.90952,186460.36,1534266.4,0.0,1,LOW
12,651,566,601.77606,394.43298,183616.06,1539899.0,2.0,1,LOW
12,651,567,602.5634,394.24084,184476.0,1537831.5,0.0,1,LOW
12,651,568,604.83875,393.97607,186961.05,1534982.5,2.0,3,LOW
12,651,569,606.5937,393.89798,188877.77,1534142.2,0.0,0,LOW
12,651,570,606.769,393.93695,189069.22,1534561.6,0.0,0,LOW
12,651,571,609.66876,392.87088,192236.28,1523090.4,2.0,1,LOW
12,651,572,611.2412,392.43542,193953.69,1518404.8,0.0,1,LOW
12,651,573,610.93286,392.56268,193616.9,1519774.1,0.0,1,LOW
12,651,574,611.30865,392.55673,194027.34,1519710.1,0.0,0,LOW
12,651,575,612.3961,392.4235,195215.06,1518276.4,2.0,1,LOW
12,651,576,613.49524,392.19272,196415.48,1515793.2,0.0,1,LOW
12,651,577,614.2513,391.7518,197241.22,1511048.9,2.0,1,LOW
12,651,578,614.6094,390.53314,197632.31,1497935.8,0.0,0,LOW
12,651,579,613.9353,389.40887,196896.12,1485838.4,0.0,0,LOW
12,651,580,611.9833,389.0084,194764.16,1481529.1,0.0,0,LOW
12,651,581,609.17883,388.25986,191701.2,1473474.6,2.0,3,LOW
12,651,582,609.73413,387.90045,192307.69,1469607.4,0.0,1,LOW
12,651,583,609.6739,388.20184,192241.89,1472850.4,0.0,1,LOW
12,651,584,608.45447,388.80283,190910.06,1479317.1,0.0,0,LOW
12,651,585,609.95856,388.80624,192552.8,1479353.9,2.0,1,LOW
12,651,586,611.5919,388.61877,194336.72,1477336.8,0.0,1,LOW
12,651,587,612.9319,388.18176,195800.2,1472634.4,2.0,1,LOW
12,651,588,613.88965,387.35388,196846.25,1463726.1,0.0,0,LOW
12,651,589,613.7203,387.03674,196661.28,1460313.6,0.0,1,LOW
12,651,590,613.9259,386.80078,196885.84,1457774.6,0.0,0,LOW
12,651,591,614.4785,386.76712,197489.4,1457412.4,0.0,0,LOW
12,651,592,616.03925,387.13107,199194.0,1461328.6,0.0,0,LOW
12,651,593,617.65826,387.5389,200962.25,1465717.1,2.0,1,LOW
12,651,594,619.4678,388.04343,202938.56,1471145.8,0.0,0,LOW
12,651,595,621.41425,388.93088,205064.45,1480695.0,0.0,0,LOW
12,651,596,624.0215,389.43674,207912.03,1486138.1,0.0,0,LOW
12,651,597,625.9905,389.32468,210062.52,1484932.4,2.0,1,LOW
12,651,598,626.68774,389.2445,210824.06,1484069.8,0.0,0,LOW
12,651,599,628.5166,388.75595,212821.5,1478812.8,0.0,0,LOW
12,651,600,630.01904,388.6192,214462.44,1477341.2,0.0,0,LOW
12,651,601,631.36536,388.92053,215932.84,1480583.6,0.0,1,LOW
12,651,602,629.7644,388.9066,214184.31,1480433.6,0.0,0,LOW
12,651,603,630.4122,388.68787,214891.8,1478080.1,2.0,1,LOW
12,651,604,631.27405,388.67972,215833.11,1477992.5,2.0,1,LOW
12,651,605,632.29315,388.5754,216946.16,1476870.0,2.0,1,LOW
12,651,606,634.71375,388.25858,219589.88,1473460.9,2.0,1,LOW
12,651,607,636.1886,388.24786,221200.69,1473345.6,0.0,1,LOW
12,651,608,636.7359,388.43152,221798.44,1475321.8,0.0,0,LOW
12,651,609,636.88776,388.45975,221964.28,1475625.5,0.0,0,LOW
12,651,610,637.2838,388.253,222396.84,1473400.8,0.0,0,LOW
12,651,611,635.5722,388.24243,220527.47,1473287.1,0.0,1,LOW
12,651,612,633.4709,388.08902,218232.45,1471636.4,0.0,0,LOW
12,651,613,632.64575,387.95514,217331.25,1470195.8,0.0,0,LOW
12,651,614,632.98315,388.03348,217699.77,1471038.8,0.0,0,LOW
12,651,615,635.0269,388.23825,219931.9,1473242.1,2.0,1,LOW
12,651,616,633.38275,387.60538,218136.19,1466432.2,0.0,1,LOW
12,651,617,631.8081,387.25482,216416.4,1462660.2,2.0,1,LOW
12,651,618,631.9854,387.08682,216610.06,1460852.5,0.0,1,LOW
12,651,619,632.23895,387.30164,216886.97,1463164.0,0.0,0,LOW
12,651,620,632.0593,387.47037,216690.78,1464979.5,0.0,0,LOW
12,651,621,633.22894,387.445,217968.22,1464706.6,2.0,1,LOW
12,651,622,634.96765,387.64197,219867.19,1466826.0,2.0,1,LOW
12,651,623,636.1436,387.689,221151.56,1467332.0,0.0,0,LOW
12,651,624,637.35315,387.63977,222472.58,1466802.4,0.0,0,LOW
12,651,625,638.4091,387.60336,223625.88,1466410.6,0.0,0,LOW
12,651,626,638.3904,387.9586,223605.42,1470232.9,2.0,1,LOW
12,651,627,638.6768,388.02234,223918.27,1470918.9,0.0,1,LOW
12,651,628,638.4023,387.9176,223618.42,1469791.9,2.0,2,LOW
12,651,629,639.1052,387.59665,224386.16,1466338.4,0.0,0,LOW
12,651,630,641.1458,387.18304,226614.84,1461887.9,0.0,1,LOW
12,651,631,642.32855,387.3659,227906.6,1463855.5,0.0,0,LOW
12,651,632,643.9938,387.35135,229725.33,1463698.9,0.0,1,LOW
12,651,633,645.99225,387.42316,231908.02,1464471.5,0.0,1,LOW
12,651,634,646.3676,387.2841,232317.98,1462975.1,0.0,0,LOW
12,651,635,645.71545,386.97964,231605.7,1459699.2,0.0,0,LOW
12,651,636,646.66113,386.8195,232638.56,1457975.9,2.0,1,LOW
12,651,637,647.0636,387.04956,233078.12,1460451.5,2.0,1,LOW
12,651,638,647.7979,387.0776,233880.12,1460753.4,0.0,0,LOW
12,651,639,648.6728,387.21628,234835.64,1462245.5,0.0,0,LOW
12,651,640,649.51746,387.1886,235758.17,1461947.6,0.0,1,LOW
12,651,641,646.7199,386.94394,232702.75,1459315.0,2.0,1,LOW
12,651,642,644.5263,386.6078,230306.94,1455698.0,0.0,0,LOW
12,651,643,645.9794,386.38965,231893.94,1453350.8,0.0,0,LOW
12,651,644,648.11676,386.88528,234228.36,1458683.9,2.0,1,LOW
12,651,645,649.0265,386.91794,235221.95,1459035.2,0.0,0,LOW
12,651,646,649.4715,386.8333,235707.97,1458124.6,0.0,1,LOW
12,651,647,649.6707,386.22968,235925.56,1451629.4,0.0,0,LOW
12,651,648,647.89166,385.6134,233982.52,1444998.1,0.0,0,LOW
12,651,649,646.42017,385.36914,232375.38,1442369.9,0.0,0,LOW
12,651,650,645.5831,385.45154,231461.19,1443256.4,0.0,0,LOW
12,651,651,644.7305,385.53192,230530.0,1444121.4,0.0,1,LOW
12,651,652,644.2365,385.4828,229990.44,1443592.8,0.0,0,LOW
12,651,653,645.5534,385.71353,231428.72,1446075.5,2.0,1,LOW
12,651,654,645.10077,385.92075,230934.36,1448305.2,2.0,1,LOW
12,651,655,643.61017,385.49698,229306.36,1443745.4,0.0,0,LOW
12,651,656,642.3625,385.72592,227943.67,1446208.9,0.0,1,LOW
12,651,657,642.3248,386.34692,227902.53,1452891.0,2.0,1,LOW
12,651,658,642.8724,386.6539,228500.56,1456194.1,0.0,0,LOW
12,651,659,644.2601,386.53763,230016.17,1454943.0,0.0,0,LOW
12,651,660,645.1691,386.56784,231009.03,1455268.1,0.0,0,LOW
12,651,661,645.99524,386.6968,231911.28,1456655.9,0.0,0,LOW
12,651,662,646.85815,386.8068,232853.75,1457839.4,2.0,1,LOW
12,651,663,647.1426,386.49316,233164.38,1454464.6,0.0,0,LOW
12,651,664,647.38885,386.1123,233433.36,1450366.5,0.0,0,LOW
12,651,665,647.3136,385.82095,233351.16,1447231.5,0.0,0,LOW
12,651,666,647.2542,385.49982,233286.31,1443775.9,0.0,0,LOW
12,651,667,647.5036,385.4811,233558.69,1443574.6,0.0,0,LOW
12,651,668,648.0626,385.49274,234169.23,1443699.8,0.0,0,LOW
12,651,669,645.6488,385.42444,231532.9,1442964.9,0.0,1,LOW
12,651,670,643.23987,385.30988,228901.94,1441732.1,2.0,1,LOW
12,651,671,643.78265,385.25845,229494.75,1441178.8,0.0,0,LOW
12,651,672,643.6048,385.76785,229300.5,1446660.0,0.0,0,LOW
12,651,673,642.90656,385.46893,228537.89,1443443.6,2.0,1,LOW
12,651,674,644.4628,385.4364,230237.62,1443093.5,0.0,1,LOW
12,651,675,645.68353,386.1777,231570.84,1451070.1,0.0,1,LOW
12,651,676,644.722,385.76013,230520.66,1446577.0,2.0,1,LOW
12,651,677,643.9945,385.32385,229726.12,1441882.5,2.0,1,LOW
12,651,678,643.8955,385.46884,229618.0,1443442.6,0.0,0,LOW
12,651,679,644.9549,385.3013,230775.03,1441639.9,0.0,1,LOW
12,651,680,643.8948,385.5967,229617.2,1444818.5,2.0,1,LOW
12,651,681,644.9183,385.50946,230735.05,1443879.8,0.0,0,LOW
12,651,682,646.1934,385.6197,232127.72,1445065.8,0.0,0,LOW
12,651,683,646.42206,385.4013,232377.44,1442715.9,2.0,1,LOW
12,651,684,646.4579,385.11716,232416.56,1439658.4,0.0,0,LOW
12,651,685,646.6756,384.90915,232654.36,1437420.2,2.0,1,LOW
12,651,686,646.797,384.90634,232786.94,1437390.0,2.0,1,LOW
12,651,687,645.9446,384.88943,231855.95,1437208.0,0.0,2,LOW
12,651,688,645.0821,385.05893,230913.97,1439031.9,0.0,2,LOW
12,651,689,644.6531,385.63947,230445.4,1445278.6,0.0,0,LOW
12,651,690,645.73065,385.7085,231622.31,1446021.4,0.0,0,LOW
12,651,691,646.77875,385.71783,232767.02,1446121.9,2.0,1,LOW
12,651,692,648.35956,385.87836,234493.53,1447849.1,0.0,1,LOW
12,651,693,649.3911,385.9989,235620.19,1449146.2,2.0,1,LOW
12,651,694,650.0239,385.6902,236311.33,1445824.4,0.0,0,LOW
12,651,695,650.39575,385.50848,236717.44,1443869.2,0.0,0,LOW
12,651,696,650.8748,385.73865,237240.66,1446345.8,0.0,0,LOW
12,651,697,651.17255,385.66357,237565.81,1445538.0,0.0,0,LOW
12,651,698,651.41364,385.50198,237829.14,1443799.2,0.0,0,LOW
12,651,699,650.23987,385.19913,236547.17,1440540.4,0.0,0,LOW
12,651,700,649.8725,384.75168,236145.94,1435725.8,0.0,0,LOW
12,651,701,647.9522,384.41388,234048.64,1432091.0,2.0,1,LOW
12,651,702,648.80444,384.1622,234979.44,1429382.9,0.0,1,LOW
12,651,703,646.88635,383.66663,232884.53,1424050.4,0.0,0,LOW
12,651,704,645.4846,383.48874,231353.6,1422136.2,0.0,0,LOW
12,651,705,644.34094,383.6505,230104.5,1423877.0,0.0,0,LOW
12,651,706,642.4561,384.12296,228045.94,1428960.5,2.0,1,LOW
12,651,707,642.5882,384.17493,228190.19,1429519.8,2.0,1,LOW
12,651,708,642.2041,384.08774,227770.69,1428581.6,0.0,0,LOW
12,651,709,644.0952,383.85394,229836.12,1426065.9,2.0,1,LOW
12,651,710,645.6073,383.9688,231487.58,1427301.9,0.0,1,LOW
12,651,711,645.7071,383.67032,231596.58,1424090.1,2.0,1,LOW
12,651,712,646.4107,383.6736,232365.05,1424125.5,0.0,0,LOW
12,651,713,646.9671,383.85614,232972.73,1426089.5,2.0,1,LOW
12,651,714,647.2173,383.86337,233245.97,1426167.4,0.0,0,LOW
12,651,715,646.9742,383.8983,232980.47,1426543.0,0.0,0,LOW
12,651,716,647.1789,383.48193,233204.03,1422063.0,2.0,1,LOW
12,651,717,646.8702,383.74805,232866.88,1424926.5,0.0,0,LOW
12,651,718,647.7518,383.75897,233829.72,1425044.0,0.0,0,LOW
12,651,719,645.0658,383.17532,230896.16,1418763.8,0.0,0,LOW
12,651,720,643.32635,382.89655,228996.38,1415764.1,0.0,1,LOW
12,651,721,643.4617,382.67697,229144.17,1413401.4,0.0,0,LOW
12,651,722,644.3007,382.5617,230060.56,1412161.1,0.0,0,LOW
12,651,723,643.4244,382.9345,229103.44,1416172.6,2.0,1,LOW
12,651,724,642.2535,382.87906,227824.61,1415575.9,0.0,0,LOW
12,651,725,643.8166,382.71292,229531.81,1413788.2,0.0,0,LOW
12,651,726,643.6764,382.9687,229378.69,1416540.4,0.0,0,LOW
12,651,727,643.96564,382.72443,229694.6,1413912.0,0.0,0,LOW
12,651,728,643.77264,383.14496,229483.81,1418437.0,0.0,0,LOW
12,651,729,644.8446,383.04922,230654.58,1417407.0,0.0,0,LOW
12,651,730,646.5751,383.59042,232544.56,1423230.4,0.0,0,LOW
12,651,731,644.641,383.11786,230432.2,1418145.5,0.0,0,LOW
12,651,732,644.3744,382.59906,230141.03,1412563.0,0.0,0,LOW
12,651,733,644.29395,382.71967,230053.16,1413860.8,0.0,0,LOW
12,651,734,644.28735,382.7739,230045.97,1414444.4,0.0,0,LOW
12,651,735,643.9252,383.12616,229650.4,1418234.8,0.0,0,LOW
12,651,736,643.48315,383.43527,229167.64,1421560.9,0.0,0,LOW
12,651,737,643.72205,383.49487,229428.55,1422202.2,0.0,0,LOW
12,651,738,643.1184,383.59692,228769.27,1423300.4,0.0,0,LOW
12,651,739,643.4091,383.89752,229086.78,1426534.9,2.0,1,LOW
12,651,740,644.4673,384.08118,230242.48,1428511.0,2.0,1,LOW
12,651,741,645.10187,384.08948,230935.56,1428600.4,0.0,0,LOW
12,651,742,645.6073,383.9756,231487.58,1427374.9,0.0,0,LOW
12,651,743,646.5098,384.2492,232473.31,1430319.0,0.0,0,LOW
12,651,744,647.31616,384.36206,233353.97,1431533.4,0.0,0,LOW
12,651,745,647.23376,384.3911,233263.97,1431846.0,0.0,0,LOW
12,651,746,647.455,384.3484,233505.62,1431386.2,0.0,0,LOW
12,651,747,647.4742,383.95892,233526.55,1427195.5,2.0,1,LOW
12,651,748,647.56476,384.30847,233625.47,1430956.8,0.0,0,LOW
12,651,749,645.19666,383.73413,231039.1,1424776.8,2.0,2,LOW
12,651,750,643.17114,383.38782,228826.88,1421050.2,0.0,0,LOW
12,651,751,642.784,383.6942,228404.03,1424347.2,2.0,1,LOW
12,651,752,642.85516,383.90955,228481.75,1426664.2,2.0,2,LOW
12,651,753,642.98224,384.2343,228620.55,1430158.8,2.0,2,LOW
12,651,754,642.86084,384.54987,228487.95,1433554.2,2.0,1,LOW
12,651,755,643.00525,384.85007,228645.69,1436784.5,0.0,1,LOW
12,651,756,644.10455,384.84808,229846.31,1436763.1,0.0,1,LOW
12,651,757,644.68115,384.85046,230476.06,1436788.8,0.0,1,LOW
12,651,758,645.56305,384.73697,231439.25,1435567.5,0.0,1,LOW
12,651,759,646.1015,384.62878,232027.34,1434403.4,0.0,0,LOW
12,651,760,646.3175,384.64572,232263.25,1434585.6,0.0,2,LOW
12,651,761,646.41614,384.58395,232370.97,1433921.0,0.0,1,LOW
12,651,762,646.1207,384.63754,232048.34,1434497.6,0.0,1,LOW
12,651,763,645.25305,384.55484,231100.69,1433607.8,0.0,0,LOW
12,651,764,644.5637,384.4654,230347.81,1432645.2,2.0,1,LOW
12,651,765,644.79407,384.3405,230599.39,1431301.5,2.0,1,LOW
12,651,766,645.168,384.3725,231007.81,1431645.8,0.0,0,LOW
12,651,767,645.6523,384.27435,231536.72,1430589.6,0.0,0,LOW
12,651,768,645.8021,384.03577,231700.38,1428022.4,2.0,1,LOW
12,651,769,645.9867,384.1553,231901.95,1429308.6,0.0,1,LOW
12,651,770,645.43085,384.28256,231294.86,1430678.0,0.0,0,LOW
12,651,771,645.06116,384.26523,230891.1,1430491.5,0.0,0,LOW
12,651,772,644.0506,384.50085,229787.39,1433026.9,2.0,1,LOW
12,651,773,643.1668,384.63397,228822.12,1434459.2,2.0,2,LOW
12,651,774,641.7895,384.7467,227317.86,1435672.2,0.0,0,LOW
12,651,775,641.0709,384.66248,226533.05,1434765.9,0.0,0,LOW
12,651,776,640.7508,384.65762,226183.4,1434713.8,0.0,0,LOW
12,651,777,640.33203,384.65326,225726.06,1434666.8,0.0,0,LOW
12,651,778,640.18475,384.5943,225565.19,1434032.4,0.0,0,LOW
12,651,779,642.0532,384.78018,227605.9,1436032.5,0.0,1,LOW
12,651,780,643.6424,385.38495,229341.56,1442539.9,0.0,1,LOW
12,651,781,644.25635,385.24136,230012.1,1440994.9,0.0,0,LOW
12,651,782,643.9488,384.5167,229676.19,1433197.2,0.0,0,LOW
12,651,783,643.59784,384.29678,229292.89,1430831.0,0.0,0,LOW
12,651,784,643.6651,384.44562,229366.36,1432432.5,0.0,1,LOW
12,651,785,643.4665,384.59344,229149.44,1434023.1,0.0,1,LOW
12,651,786,643.3023,384.5787,228970.12,1433864.5,0.0,0,LOW
12,651,787,642.76514,384.53195,228383.44,1433361.5,2.0,1,LOW
12,651,788,643.31494,384.42645,228983.92,1432226.2,0.0,0,LOW
12,651,789,644.3045,384.53018,230064.7,1433342.4,0.0,0,LOW
12,651,790,644.90173,384.6906,230716.98,1435068.8,0.0,1,LOW
12,651,791,644.2734,384.72687,230030.7,1435458.8,0.0,1,LOW
12,651,792,643.8146,384.61832,229529.61,1434290.8,2.0,2,LOW
12,651,793,642.97955,384.7166,228617.61,1435348.5,0.0,0,LOW
12,651,794,642.26355,384.73425,227835.61,1435538.2,2.0,2,LOW
12,651,795,643.87427,384.88382,229594.81,1437147.6,0.0,0,LOW
12,651,796,645.56116,385.486,231437.19,1443627.1,0.0,0,LOW
12,651,797,646.1031,385.43152,232029.06,1443041.0,2.0,1,LOW
12,651,798,646.70245,385.32678,232683.69,1441914.0,0.0,0,LOW
12,651,799,646.5972,385.0815,232568.75,1439274.9,0.0,0,LOW
12,651,800,646.58966,384.92593,232560.5,1437600.8,2.0,1,LOW
12,651,801,646.3431,384.74307,232291.19,1435633.1,0.0,0,LOW
12,651,802,646.8718,384.76578,232868.67,1435877.5,0.0,0,LOW
12,651,803,647.2282,384.85822,233257.9,1436872.1,2.0,1,LOW
12,651,804,647.6176,384.67905,233683.22,1434944.2,0.0,1,LOW
12,651,805,647.8407,384.57593,233926.84,1433834.6,0.0,0,LOW
12,651,806,648.1501,384.2447,234264.75,1430270.5,0.0,1,LOW
12,651,807,648.32635,384.09818,234457.28,1428693.9,0.0,1,LOW
12,651,808,648.5841,384.0882,234738.78,1428586.5,2.0,1,LOW
12,651,809,648.8849,384.1165,235067.3,1428891.0,0.0,1,LOW
12,651,810,649.0801,384.0882,235280.47,1428586.5,0.0,1,LOW
12,651,811,646.9724,383.90088,232978.53,1426571.0,0.0,0,LOW
12,651,812,644.9859,383.7471,230808.9,1424916.2,2.0,2,LOW
12,651,813,644.0498,383.9195,229786.52,1426771.2,0.0,1,LOW
12,651,814,643.27545,384.19772,228940.78,1429765.1,0.0,1,LOW
12,651,815,641.85205,384.101,227386.19,1428724.5,0.0,0,LOW
12,651,816,640.2851,383.9749,225674.78,1427367.6,0.0,0,LOW
12,651,817,639.85596,383.91388,225206.1,1426710.9,0.0,0,LOW
12,651,818,637.0208,384.5422,222109.61,1433471.8,0.0,0,LOW
12,651,819,636.1222,384.56552,221128.16,1433722.6,0.0,0,LOW
12,651,820,638.0744,384.31165,223260.31,1430990.9,0.0,0,LOW
12,651,821,639.6787,384.6232,225012.5,1434343.2,0.0,0,LOW
12,651,822,641.54834,384.4943,227054.47,1432956.2,0.0,0,LOW
12,651,823,643.4566,384.53146,229138.64,1433356.2,2.0,1,LOW
12,651,824,643.8247,384.6177,229540.67,1434284.2,2.0,2,LOW
12,651,825,644.61896,384.4049,230408.12,1431994.4,2.0,2,LOW
12,651,826,644.68195,384.53415,230476.94,1433385.1,0.0,0,LOW
12,651,827,644.5026,384.48154,230281.08,1432819.0,2.0,1,LOW
12,651,828,644.62427,384.32346,230413.94,1431118.0,0.0,0,LOW
12,651,829,644.6539,384.15207,230446.27,1429273.9,2.0,2,LOW
12,651,830,644.9818,383.8048,230804.44,1425537.2,2.0,1,LOW
12,651,831,645.64215,383.99426,231525.66,1427575.8,2.0,1,LOW
12,651,832,646.29736,384.12045,232241.25,1428933.6,2.0,2,LOW
12,651,833,643.3289,384.04944,228999.19,1428169.5,0.0,1,LOW
12,651,834,643.8864,383.90552,229608.06,1426620.9,2.0,1,LOW
12,651,835,645.7101,384.17514,231599.84,1429522.1,0.0,0,LOW
12,651,836,645.84344,384.07245,231745.5,1428417.1,0.0,0,LOW
12,651,837,646.25714,384.00595,232197.33,1427701.5,0.0,0,LOW
12,651,838,646.52277,384.3637,232487.44,1431551.1,2.0,1,LOW
12,651,839,647.3526,384.56714,233393.77,1433740.1,0.0,1,LOW
12,651,840,647.64,384.4964,233707.66,1432978.9,0.0,0,LOW
12,651,841,648.2195,384.75037,234340.56,1435711.6,2.0,1,LOW
12,651,842,648.70874,384.4242,234874.9,1432202.0,0.0,0,LOW
12,651,843,648.34674,384.1644,234479.53,1429406.5,0.0,1,LOW
12,651,844,647.18365,384.02893,233209.25,1427948.9,2.0,1,LOW
12,651,845,646.54694,383.5865,232513.84,1423188.0,0.0,0,LOW
12,651,846,646.80634,383.16742,232797.14,1418678.8,2.0,1,LOW
12,651,847,647.21387,383.21017,233242.25,1419138.8,0.0,0,LOW
12,651,848,645.7064,383.62634,231595.84,1423616.9,2.0,2,LOW
12,651,849,642.11786,383.0187,227676.5,1417078.6,2.0,2,LOW
12,651,850,631.7247,383.19516,216325.28,1418977.2,0.0,1,LOW
12,651,851,628.9015,382.5184,213241.86,1411695.1,2.0,1,LOW
12,651,852,629.10034,382.60266,213459.05,1412601.8,2.0,2,LOW
12,651,853,631.2975,383.09528,215858.72,1417902.5,2.0,1,LOW
12,651,854,632.7126,383.35712,217404.25,1420720.0,0.0,0,LOW
12,651,855,634.56696,383.27582,219429.56,1419845.1,0.0,0,LOW
12,651,856,636.23627,383.39743,221252.75,1421153.8,0.0,0,LOW
12,651,857,637.68506,383.48712,222835.1,1422118.9,2.0,2,LOW
12,651,858,639.00464,383.482,224276.31,1422063.6,0.0,0,LOW
12,651,859,639.2355,383.44595,224528.4,1421675.9,0.0,0,LOW
12,651,860,639.4197,383.15152,224729.6,1418507.6,0.0,0,LOW
12,651,861,638.7134,382.9389,223958.19,1416219.9,0.0,0,LOW
12,651,862,639.3749,382.9073,224680.67,1415879.6,2.0,1,LOW
12,651,863,640.002,383.11932,225365.61,1418161.2,0.0,1,LOW
12,651,864,641.5304,383.14676,227034.88,1418456.5,0.0,0,LOW
12,651,865,641.5141,383.40036,227017.08,1421185.2,0.0,0,LOW
12,651,866,641.7646,383.23102,227290.66,1419363.1,2.0,2,LOW
12,651,867,641.63477,383.03043,227148.88,1417204.6,2.0,1,LOW
12,651,868,641.3782,382.60638,226868.62,1412641.9,0.0,0,LOW
12,651,869,640.757,382.67145,226190.22,1413342.0,0.0,0,LOW
12,651,870,639.4321,382.6518,224743.19,1413130.5,0.0,0,LOW
12,651,871,638.6126,382.6199,223848.14,1412787.4,0.0,0,LOW
12,651,872,636.0935,383.4009,221096.81,1421191.1,0.0,0,LOW
12,651,873,637.10645,383.52695,222203.14,1422547.4,0.0,1,LOW
12,651,874,637.63184,383.81042,222776.95,1425597.6,2.0,1,LOW
12,651,875,637.68335,383.7065,222833.22,1424479.5,0.0,0,LOW
12,651,876,638.93054,383.4076,224195.38,1421263.1,0.0,0,LOW
12,651,877,640.675,383.7341,226100.62,1424776.4,0.0,0,LOW
12,651,878,642.0287,383.62613,227579.1,1423614.6,0.0,0,LOW
12,651,879,642.60254,383.6816,228205.84,1424211.6,2.0,1,LOW
12,651,880,643.11914,383.52298,228770.06,1422504.6,0.0,0,LOW
12,651,881,643.51,383.3701,229196.97,1420859.5,0.0,0,LOW
12,651,882,643.6577,383.33157,229358.28,1420445.1,0.0,0,LOW
12,651,883,644.32184,383.1084,230083.62,1418043.6,0.0,0,LOW
12,651,884,645.0313,383.27893,230858.5,1419878.6,2.0,1,LOW
12,651,885,645.9082,383.2975,231816.22,1420078.2,0.0,0,LOW
12,651,886,645.66547,383.3155,231551.12,1420272.0,2.0,1,LOW
12,651,887,645.57745,383.2073,231454.98,1419108.0,0.0,0,LOW
12,651,888,645.31213,383.13007,231165.2,1418276.9,0.0,0,LOW
12,651,889,644.58234,383.01413,230368.14,1417029.2,0.0,0,LOW
12,651,890,643.8043,383.17953,229518.4,1418809.1,0.0,0,LOW
12,651,891,641.9337,383.59546,227475.38,1423284.5,0.0,0,LOW
12,651,892,642.4097,383.47638,227995.27,1422003.2,0.0,0,LOW
12,651,893,642.2549,383.78238,227826.16,1425295.9,2.0,1,LOW
12,651,894,641.79047,383.9496,227318.9,1427095.0,2.0,1,LOW
12,651,895,641.7089,384.2107,227229.88,1429904.6,2.0,1,LOW
12,651,896,640.3203,384.51492,225713.25,1433178.2,0.0,0,LOW
12,651,897,639.7464,384.2764,225086.44,1430611.6,0.0,0,LOW
12,651,898,640.9773,384.16705,226430.8,1429435.0,0.0,1,LOW
12,651,899,642.22504,384.37982,227793.56,1431724.5,0.0,0,LOW
12,651,900,643.0444,384.37823,228688.4,1431707.4,2.0,1,LOW
12,651,901,643.96313,384.21548,229691.86,1429956.2,0.0,0,LOW
12,651,902,644.6678,383.96298,230461.47,1427239.2,2.0,3,LOW
12,651,903,645.0743,383.88632,230905.44,1426414.4,0.0,2,LOW
12,651,904,645.1369,383.63947,230973.83,1423758.1,2.0,1,LOW
12,651,905,644.93463,383.17902,230752.9,1418803.5,0.0,0,LOW
12,651,906,644.376,382.81345,230142.77,1414869.9,0.0,1,LOW
12,651,907,644.4204,382.60376,230191.28,1412613.6,0.0,0,LOW
12,651,908,644.0088,382.28058,229741.72,1409136.1,0.0,1,LOW
12,651,909,643.4877,382.03278,229172.56,1406469.8,0.0,0,LOW
12,651,910,641.97644,382.08017,227522.03,1406979.6,0.0,0,LOW
12,651,911,641.20764,381.73636,226682.38,1403280.2,0.0,0,LOW
12,651,912,640.0956,381.63858,225467.81,1402228.0,0.0,0,LOW
12,651,913,639.0447,381.7287,224320.03,1403197.8,0.0,0,LOW
12,651,914,640.2644,381.5314,225652.19,1401074.8,0.0,0,LOW
12,651,915,641.3336,381.5154,226819.97,1400902.8,0.0,0,LOW
12,651,916,640.3423,381.06247,225737.25,1396029.0,0.0,0,LOW
12,651,917,638.93933,381.143,224204.97,1396895.5,0.0,0,LOW
12,651,918,639.4571,380.97736,224770.45,1395113.1,0.0,0,LOW
12,651,919,639.25415,381.3456,224548.81,1399075.6,0.0,1,LOW
12,651,920,640.0952,381.23724,225467.4,1397909.6,2.0,1,LOW
12,651,921,641.3617,381.43573,226850.62,1400045.4,2.0,2,LOW
12,651,922,642.2768,381.50882,227850.08,1400831.8,0.0,0,LOW
12,651,923,641.81665,381.46265,227347.53,1400335.0,0.0,0,LOW
12,651,924,641.33405,381.2662,226820.42,1398221.2,2.0,1,LOW
12,651,925,639.17755,381.51263,224465.16,1400872.9,2.0,1,LOW
12,651,926,637.9225,381.73328,223094.4,1403247.0,0.0,0,LOW
12,651,927,636.94617,381.96756,222028.08,1405768.0,0.0,0,LOW
12,651,928,632.8833,382.51193,217590.7,1411625.5,2.0,1,LOW
12,651,929,631.69434,382.57846,216292.14,1412341.4,2.0,1,LOW
12,651,930,629.53046,382.70816,213928.81,1413737.0,2.0,1,LOW
12,651,931,630.76733,382.38913,215279.69,1410304.1,0.0,0,LOW
12,651,932,631.8261,382.61377,216436.06,1412721.4,0.0,0,LOW
12,651,933,634.02783,382.49493,218840.73,1411442.6,0.0,0,LOW
12,651,934,636.55493,382.60904,221600.78,1412670.5,0.0,1,LOW
12,651,935,637.59204,382.65555,222733.5,1413170.9,0.0,0,LOW
12,651,936,639.9592,382.75195,225318.88,1414208.2,0.0,0,LOW
12,651,937,641.79913,383.42484,227328.39,1421448.6,2.0,1,LOW
12,651,938,643.4246,383.84546,229103.7,1425974.6,2.0,1,LOW
12,651,939,645.246,384.2567,231092.95,1430399.9,0.0,0,LOW
12,651,940,646.6028,384.58508,232574.83,1433933.1,2.0,1,LOW
12,651,941,648.4305,384.64816,234571.0,1434611.9,0.0,2,LOW
12,651,942,649.5309,384.7225,235772.84,1435411.9,0.0,0,LOW
12,651,943,650.3622,384.52533,236680.77,1433290.2,2.0,1,LOW
12,651,944,651.8444,384.01602,238299.62,1427809.9,0.0,0,LOW
12,651,945,652.2527,384.09512,238745.53,1428661.1,0.0,0,LOW
12,651,946,651.9903,384.03824,238458.95,1428049.0,0.0,0,LOW
12,651,947,651.2931,383.91885,237697.48,1426764.4,0.0,0,LOW
12,651,948,649.25995,383.93433,235476.94,1426930.9,0.0,0,LOW
12,651,949,645.1353,383.934,230972.1,1426927.2,2.0,2,LOW
12,651,950,642.8005,384.09583,228422.03,1428668.6,0.0,0,LOW
12,651,951,639.8868,384.37094,225239.75,1431629.0,0.0,0,LOW
12,651,952,636.5474,384.3749,221592.6,1431671.6,0.0,0,LOW
12,651,953,627.5279,384.58817,211741.66,1433966.4,2.0,1,LOW
12,651,954,626.4679,383.8303,210583.94,1425811.4,2.0,1,LOW
12,651,955,630.62054,383.71213,215119.38,1424540.0,0.0,0,LOW
12,651,956,634.3063,384.54758,219144.84,1433529.6,0.0,1,LOW
12,651,957,634.19116,384.03336,219019.12,1427996.5,0.0,1,LOW
12,651,958,632.70844,383.79858,217399.72,1425470.2,0.0,1,LOW
12,651,959,632.87976,383.70547,217586.84,1424468.4,0.0,0,LOW
12,651,960,633.3419,383.8193,218091.6,1425693.2,2.0,1,LOW
12,651,961,633.08203,384.02734,217807.75,1427931.8,0.0,0,LOW
12,651,962,632.3596,384.02356,217018.75,1427891.0,2.0,1,LOW
12,651,963,631.8616,384.013,216474.8,1427777.4,0.0,0,LOW
12,651,964,630.8599,384.12967,215380.81,1429032.8,0.0,1,LOW
12,651,965,629.3598,384.08154,213742.42,1428515.0,2.0,1,LOW
12,651,966,627.4133,384.00415,211616.53,1427682.1,2.0,2,LOW
12,651,967,626.64417,383.93658,210776.47,1426955.1,0.0,0,LOW
12,651,968,626.7029,384.04803,210840.6,1428154.4,2.0,1,LOW
12,651,969,628.21564,383.99078,212492.78,1427538.4,2.0,2,LOW
12,651,970,629.7264,384.23077,214142.78,1430120.8,0.0,0,LOW
12,651,971,631.33295,384.20682,215897.44,1429862.9,0.0,0,LOW
12,651,972,632.6259,384.30667,217309.6,1430937.4,0.0,0,LOW
12,651,973,634.3689,384.02264,219213.25,1427881.1,2.0,1,LOW
12,651,974,635.5204,383.95883,220470.88,1427194.5,0.0,1,LOW
12,651,975,635.5493,383.64157,220502.47,1423780.8,2.0,1,LOW
12,651,976,635.9957,383.32925,220990.03,1420420.1,0.0,0,LOW
12,651,977,638.1882,383.6488,223384.56,1423858.6,2.0,1,LOW
12,651,978,640.6566,384.70013,226080.56,1435171.1,0.0,1,LOW
12,651,979,643.3586,385.53745,229031.6,1444180.8,0.0,1,LOW
12,651,980,645.80133,385.63934,231699.5,1445277.2,0.0,0,LOW
12,651,981,646.7851,385.58377,232773.94,1444679.2,0.0,0,LOW
12,651,982,647.442,385.36716,233491.42,1442348.5,0.0,0,LOW
12,651,983,646.9526,385.21356,232956.86,1440695.8,0.0,2,LOW
12,651,984,645.89264,385.02783,231799.22,1438697.2,2.0,1,LOW
12,651,985,643.0818,385.0844,228729.28,1439306.0,2.0,1,LOW
12,651,986,637.8638,385.0877,223030.27,1439341.5,0.0,0,LOW
12,651,987,634.24786,384.63092,219081.06,1434426.4,0.0,0,LOW
12,651,988,632.0679,385.232,216700.12,1440894.1,0.0,0,LOW
12,651,989,633.46533,384.91315,218226.39,1437463.2,2.0,1,LOW
12,651,990,631.0848,384.41483,215626.4,1432101.1,2.0,1,LOW
12,651,991,630.14954,384.29077,214604.95,1430766.2,0.0,0,LOW
12,651,992,631.1966,384.49207,215748.53,1432932.2,0.0,0,LOW
12,651,993,632.12054,384.86227,216757.64,1436915.8,2.0,1,LOW
12,651,994,629.7695,385.20148,214189.84,1440565.8,0.0,1,LOW
12,651,995,629.097,385.04224,213455.38,1438852.2,0.0,0,LOW
12,651,996,629.7807,384.93558,214202.12,1437704.6,2.0,1,LOW
12,651,997,631.1609,384.69724,215709.53,1435140.0,0.0,0,LOW
12,651,998,632.8236,384.9192,217525.5,1437528.2,2.0,1,LOW
12,651,999,633.2145,384.74393,217952.4,1435642.4,0.0,1,LOW
12,651,1000,633.33344,384.72464,218082.33,1435434.9,0.0,1,LOW
12,651,1001,633.5853,384.7249,218357.44,1435437.8,0.0,1,LOW
12,651,1002,633.55426,384.66306,218323.52,1434772.1,2.0,1,LOW
12,651,1003,631.30206,384.3805,215863.72,1431731.8,2.0,1,LOW
12,651,1004,631.9591,384.52737,216581.31,1433312.2,2.0,1,LOW
12,651,1005,633.0961,384.97604,217823.16,1438140.0,2.0,2,LOW
12,651,1006,633.0796,384.83365,217805.1,1436607.8,0.0,0,LOW
12,651,1007,633.0709,384.56024,217795.62,1433665.9,2.0,1,LOW
12,651,1008,631.8675,384.25296,216481.27,1430359.5,0.0,1,LOW
12,651,1009,631.4801,383.83075,216058.16,1425816.4,2.0,1,LOW
12,651,1010,631.77576,384.28818,216381.06,1430738.4,2.0,1,LOW
12,651,1011,632.8213,384.38452,217522.98,1431775.1,0.0,0,LOW
12,651,1012,633.62524,384.49792,218401.03,1432995.4,0.0,0,LOW
12,651,1013,634.03876,384.58368,218852.67,1433918.0,0.0,0,LOW
12,651,1014,634.7237,384.5946,219600.75,1434035.6,0.0,0,LOW
12,651,1015,635.1264,384.71924,220040.58,1435376.8,0.0,0,LOW
12,651,1016,634.7625,384.99768,219643.14,1438372.9,0.0,2,LOW
12,651,1017,635.0448,385.0163,219951.44,1438573.1,0.0,0,LOW
12,651,1018,635.3134,385.03152,220244.83,1438737.0,2.0,1,LOW
12,651,1019,635.3972,385.10178,220336.34,1439492.9,0.0,0,LOW
12,651,1020,635.4726,385.00647,220418.69,1438467.4,2.0,1,LOW
12,651,1021,635.6952,384.89474,220661.78,1437265.2,2.0,1,LOW
12,651,1022,636.1322,384.70853,221139.1,1435261.5,2.0,1,LOW
12,651,1023,636.5228,384.94345,221565.72,1437789.2,0.0,0,LOW
12,651,1024,636.6323,384.71228,221685.31,1435301.9,2.0,2,LOW
12,651,1025,636.4844,384.56906,221523.72,1433760.8,0.0,0,LOW
12,651,1026,637.01324,384.66177,222101.34,1434758.4,0.0,0,LOW
12,651,1027,637.5079,384.74533,222641.56,1435657.5,2.0,2,LOW
12,651,1028,637.32465,384.71045,222441.44,1435282.1,2.0,1,LOW
12,651,1029,637.6696,384.70163,222818.22,1435187.2,2.0,2,LOW
12,651,1030,638.2933,384.64462,223499.38,1434573.9,2.0,2,LOW
12,651,1031,638.1109,384.67972,223300.19,1434951.5,0.0,1,LOW
12,651,1032,638.16797,384.61157,223362.5,1434218.2,2.0,1,LOW
12,651,1033,638.5557,384.54996,223786.0,1433555.2,0.0,1,LOW
12,651,1034,638.8461,384.58398,224103.19,1433921.4,0.0,1,LOW
12,651,1035,638.7215,384.5853,223967.06,1433935.5,0.0,1,LOW
12,651,1036,639.2128,384.52426,224503.69,1433278.8,0.0,0,LOW
12,651,1037,639.91516,384.58606,225270.75,1433943.6,0.0,0,LOW
12,651,1038,641.41516,384.70926,226909.02,1435269.4,2.0,1,LOW
12,651,1039,642.83563,384.95746,228460.44,1437940.0,2.0,1,LOW
12,651,1040,644.1549,385.20245,229901.31,1440576.2,0.0,0,LOW
12,651,1041,645.3323,385.7558,231187.22,1446530.4,2.0,6,LOW
12,651,1042,647.1603,385.98254,233183.72,1448970.2,0.0,0,LOW
12,651,1043,649.4134,386.05276,235644.52,1449725.8,0.0,0,LOW
12,651,1044,650.8839,385.8142,237250.6,1447158.9,0.0,0,LOW
12,651,1045,651.3338,385.51483,237741.94,1443937.5,0.0,0,LOW
12,651,1046,652.2107,385.2315,238699.66,1440888.9,0.0,0,LOW
12,651,1047,654.0351,385.1325,240692.25,1439823.6,0.0,0,LOW
12,651,1048,656.978,385.09995,243906.44,1439473.2,0.0,0,LOW
12,651,1049,656.8512,384.979,243767.92,1438171.9,0.0,0,LOW
12,651,1050,655.9899,384.4564,242827.27,1432548.4,0.0,0,LOW
12,651,1051,655.59534,384.22598,242396.31,1430069.1,0.0,0,LOW
12,651,1052,648.8611,384.42685,235041.3,1432230.5,0.0,0,LOW
12,651,1053,645.74835,383.95602,231641.62,1427164.4,0.0,1,LOW
12,651,1054,645.38983,383.91605,231250.06,1426734.1,2.0,1,LOW
12,651,1055,646.6453,383.99988,232621.28,1427636.2,2.0,2,LOW
12,651,1056,649.0042,384.58408,235197.62,1433922.4,2.0,1,LOW
12,651,1057,650.44916,384.2785,236775.75,1430634.2,0.0,1,LOW
12,651,1058,649.3076,384.1755,235528.98,1429526.0,0.0,0,LOW
12,651,1059,648.26685,383.82382,234392.28,1425741.8,0.0,0,LOW
12,651,1060,648.59827,383.40402,234754.25,1421224.6,0.0,0,LOW
12,651,1061,646.2403,382.69156,232178.94,1413558.4,2.0,2,LOW
12,651,1062,644.54364,382.4541,230325.88,1411003.2,0.0,0,LOW
12,651,1063,644.0848,382.58945,229824.72,1412459.6,0.0,0,LOW
12,651,1064,643.5166,383.31763,229204.16,1420295.0,0.0,0,LOW
12,651,1065,643.9674,383.58386,229696.53,1423159.8,0.0,0,LOW
12,651,1066,643.36975,384.16852,229043.78,1429450.9,2.0,1,LOW
12,651,1067,643.40607,384.36807,229083.44,1431598.1,2.0,1,LOW
12,651,1068,644.2138,384.3811,229965.64,1431738.2,0.0,0,LOW
12,651,1069,645.49225,384.50797,231361.94,1433103.4,0.0,0,LOW
12,651,1070,646.2336,384.60703,232171.6,1434169.2,0.0,0,LOW
12,651,1071,648.45886,384.32175,234602.0,1431099.6,2.0,1,LOW
12,651,1072,650.214,384.31204,236518.9,1430995.1,0.0,1,LOW
12,651,1073,650.2567,384.44608,236565.56,1432437.4,0.0,1,LOW
12,651,1074,650.5153,384.68875,236848.02,1435048.6,2.0,2,LOW
12,651,1075,650.5111,384.69482,236843.4,1435114.0,2.0,2,LOW
12,651,1076,650.12274,384.90738,236419.25,1437401.1,0.0,0,LOW
12,651,1077,649.782,385.1911,236047.08,1440454.1,0.0,0,LOW
12,651,1078,650.739,385.10904,237092.33,1439571.0,0.0,0,LOW
12,651,1079,651.7529,384.9733,238199.7,1438110.5,0.0,0,LOW
12,651,1080,651.8677,384.81128,238325.03,1436367.1,0.0,0,LOW
12,651,1081,651.54504,384.92944,237972.66,1437638.5,0.0,0,LOW
12,651,1082,651.14197,385.08774,237532.44,1439341.9,0.0,0,LOW
12,651,1083,649.7671,385.38986,236030.81,1442592.8,0.0,0,LOW
12,651,1084,648.342,385.2913,234474.34,1441532.1,0.0,0,LOW
12,651,1085,647.8433,385.23105,233929.72,1440883.9,0.0,0,LOW
12,651,1086,647.06287,385.17606,233077.31,1440292.1,2.0,6,LOW
12,651,1087,647.22394,385.07767,233253.25,1439233.5,2.0,1,LOW
12,651,1088,648.10693,385.6306,234217.62,1445183.4,0.0,0,LOW
12,651,1089,648.55566,385.29642,234707.72,1441587.2,0.0,0,LOW
12,651,1090,646.87604,384.48514,232873.28,1432857.8,0.0,0,LOW
12,651,1091,646.37384,384.33545,232324.78,1431247.0,0.0,0,LOW
12,651,1092,647.6969,384.18808,233769.8,1429661.2,2.0,4,LOW
12,651,1093,646.2843,384.06418,232227.0,1428328.1,0.0,0,LOW
12,651,1094,645.38464,383.84186,231244.4,1425935.9,2.0,1,LOW
12,651,1095,641.1588,383.3114,226629.05,1420228.0,0.0,0,LOW
12,651,1096,636.17395,383.08115,221184.69,1417750.4,0.0,0,LOW
12,651,1097,637.712,382.67746,222864.48,1413406.6,2.0,1,LOW
12,651,1098,638.8643,383.1095,224123.05,1418055.5,2.0,1,LOW
12,651,1099,640.3576,383.2061,225753.98,1419094.8,0.0,0,LOW
12,651,1100,641.7702,383.4425,227296.78,1421638.8,2.0,1,LOW
12,651,1101,642.81696,383.6879,228440.03,1424279.2,2.0,1,LOW
12,651,1102,644.9961,383.92584,230820.03,1426839.5,0.0,1,LOW
12,651,1103,649.1152,384.4374,235318.81,1432344.1,0.0,0,LOW
12,651,1104,651.7369,385.03967,238182.17,1438824.6,0.0,0,LOW
12,651,1105,652.8229,385.2246,239368.28,1440814.6,0.0,0,LOW
12,651,1106,653.3912,385.29395,239988.97,1441560.8,0.0,0,LOW
12,651,1107,653.1943,385.04822,239773.9,1438916.6,0.0,0,LOW
12,651,1108,651.6232,384.73575,238058.06,1435554.4,0.0,0,LOW
12,651,1109,650.14325,384.62906,236441.66,1434406.4,0.0,0,LOW
12,651,1110,647.9556,385.32748,234052.38,1441921.6,0.0,0,LOW
12,651,1111,647.09625,385.2636,233113.78,1441234.2,0.0,0,LOW
12,651,1112,645.54785,385.36383,231422.66,1442312.6,2.0,1,LOW
12,651,1113,644.18445,385.17346,229933.56,1440264.2,0.0,0,LOW
12,651,1114,644.0231,384.9048,229757.31,1437373.2,0.0,0,LOW
12,651,1115,643.8738,385.08972,229594.28,1439363.2,0.0,1,LOW
12,651,1116,642.7216,385.19534,228335.9,1440499.8,2.0,1,LOW
12,651,1117,642.6199,385.44043,228224.78,1443136.9,0.0,1,LOW
12,651,1118,645.249,385.93784,231096.28,1448489.1,0.0,0,LOW
12,651,1119,646.3698,385.9264,232320.38,1448366.0,0.0,0,LOW
12,651,1120,646.67065,385.3382,232648.97,1442036.9,0.0,0,LOW
12,651,1121,648.16315,384.79956,234279.03,1436241.0,2.0,1,LOW
12,651,1122,648.83936,384.72458,235017.56,1435434.1,2.0,2,LOW
12,651,1123,648.5159,384.53033,234664.31,1433344.0,0.0,1,LOW
12,651,1124,648.04156,384.30157,234146.23,1430882.5,2.0,1,LOW
12,651,1125,647.7624,384.05096,233841.33,1428185.9,2.0,2,LOW
12,651,1126,647.68976,383.99026,233762.0,1427532.8,0.0,2,LOW
12,651,1127,647.5602,383.7113,233620.47,1424531.1,0.0,0,LOW
12,651,1128,647.52356,383.53662,233580.47,1422651.5,2.0,1,LOW
12,651,1129,647.94,383.84082,234035.31,1425924.8,0.0,0,LOW
12,651,1130,647.4261,383.6793,233474.03,1424186.6,0.0,0,LOW
12,651,1131,647.072,383.02026,233087.31,1417095.2,0.0,0,LOW
12,651,1132,647.40955,383.07657,233455.95,1417701.1,0.0,0,LOW
12,651,1133,647.99066,383.13177,234090.64,1418295.2,0.0,0,LOW
12,651,1134,649.3956,383.04526,235625.12,1417364.2,2.0,1,LOW
12,651,1135,651.2364,383.42514,237635.55,1421451.9,0.0,0,LOW
12,651,1136,653.63354,383.83365,240253.69,1425847.5,0.0,0,LOW
12,651,1137,654.57324,383.83847,241280.0,1425899.4,0.0,0,LOW
12,651,1138,656.1266,383.61542,242976.53,1423499.4,0.0,0,LOW
12,651,1139,656.05554,383.44556,242898.92,1421671.6,0.0,0,LOW
12,651,1140,655.8676,383.22452,242693.67,1419293.1,0.0,0,LOW
12,651,1141,655.1167,382.8485,241873.55,1415247.2,0.0,0,LOW
12,651,1142,650.8661,382.65195,237231.12,1413132.1,0.0,0,LOW
12,651,1143,647.88745,382.5133,233977.9,1411640.4,0.0,0,LOW
12,651,1144,646.518,383.12534,232482.23,1418225.9,2.0,2,LOW
12,651,1145,646.3593,383.65167,232308.92,1423889.5,0.0,0,LOW
12,651,1146,645.09375,383.88266,230926.69,1426374.9,0.0,2,LOW
12,651,1147,643.4255,384.0835,229104.64,1428536.0,2.0,1,LOW
12,651,1148,642.4487,384.2468,228037.86,1430293.1,0.0,0,LOW
12,651,1149,643.11847,384.05618,228769.34,1428242.0,2.0,1,LOW
12,651,1150,640.6886,384.19647,226115.48,1429751.6,0.0,0,LOW
12,651,1151,640.9435,383.9396,226393.86,1426987.6,0.0,0,LOW
12,651,1152,641.0159,383.88696,226472.98,1426421.2,0.0,0,LOW
12,651,1153,639.7553,383.84854,225096.16,1426007.8,0.0,0,LOW
12,651,1154,638.6039,383.72803,223838.6,1424711.0,0.0,1,LOW
12,651,1155,638.40594,383.6616,223622.42,1423996.1,0.0,0,LOW
12,651,1156,639.6578,383.57245,224989.64,1423037.0,0.0,0,LOW
12,651,1157,640.8297,383.82806,226269.6,1425787.5,0.0,1,LOW
12,651,1158,642.90466,383.6789,228535.81,1424182.4,0.0,1,LOW
12,651,1159,644.1196,384.034,229862.78,1428003.4,2.0,1,LOW
12,651,1160,644.57587,384.04987,230361.06,1428174.1,2.0,1,LOW
12,651,1161,645.00256,384.08487,230827.1,1428550.8,2.0,1,LOW
12,651,1162,646.4365,384.31683,232393.25,1431046.8,0.0,0,LOW
12,651,1163,647.2289,384.55988,233258.64,1433661.9,0.0,1,LOW
12,651,1164,648.2514,384.35846,234375.42,1431494.6,2.0,1,LOW
12,651,1165,649.08325,384.30087,235283.94,1430875.0,2.0,1,LOW
12,651,1166,651.00946,384.25174,237387.72,1430346.2,0.0,0,LOW
12,651,1167,652.23456,384.33975,238725.73,1431293.4,0.0,0,LOW
12,651,1168,652.92474,384.21887,239479.53,1429992.6,0.0,0,LOW
12,651,1169,651.8696,384.26706,238327.16,1430511.1,0.0,0,LOW
12,651,1170,652.96484,384.1237,239523.34,1428968.4,0.0,0,LOW
12,651,1171,652.0873,384.80182,238564.88,1436265.2,0.0,0,LOW
12,651,1172,652.3649,384.6342,238868.12,1434461.5,0.0,0,LOW
12,651,1173,653.3191,384.0219,239910.23,1427873.2,0.0,0,LOW
12,651,1174,653.6866,383.69336,240311.6,1424338.0,0.0,0,LOW
12,651,1175,650.55743,383.5195,236894.02,1422467.2,0.0,0,LOW
12,651,1176,645.5753,383.37637,231452.66,1420927.1,2.0,1,LOW
12,651,1177,645.1388,383.08542,230975.89,1417796.4,0.0,0,LOW
12,651,1178,643.1023,383.56058,228751.66,1422909.2,0.0,0,LOW
12,651,1179,643.5205,383.5222,229208.44,1422496.1,0.0,0,LOW
12,651,1180,643.1829,383.5698,228839.72,1423008.4,0.0,0,LOW
12,651,1181,641.3059,383.51398,226789.7,1422407.8,0.0,0,LOW
12,651,1182,638.79706,383.38864,224049.6,1421059.1,0.0,0,LOW
12,651,1183,636.0525,383.60577,221052.03,1423395.5,2.0,1,LOW
12,651,1184,639.04553,383.19052,224320.97,1418927.4,0.0,1,LOW
12,651,1185,639.99335,383.0296,225356.16,1417195.8,0.0,0,LOW
12,651,1186,642.2048,383.07648,227771.4,1417700.2,2.0,2,LOW
12,651,1187,644.0884,383.4554,229828.66,1421777.6,0.0,0,LOW
12,651,1188,645.6073,383.86432,231487.58,1426177.5,0.0,1,LOW
12,651,1189,646.1703,384.38824,232102.47,1431815.1,2.0,1,LOW
12,651,1190,646.2888,384.3027,232231.92,1430894.8,0.0,0,LOW
12,651,1191,646.70667,383.92313,232688.28,1426810.4,2.0,1,LOW
12,651,1192,646.8856,383.71542,232883.75,1424575.4,0.0,0,LOW
12,651,1193,647.18604,383.41757,233211.84,1421370.5,0.0,0,LOW
12,651,1194,647.64246,382.99734,233710.34,1416848.8,0.0,0,LOW
12,651,1195,649.26447,383.04044,235481.86,1417312.4,2.0,1,LOW
12,651,1196,651.0893,383.3178,237474.9,1420297.0,0.0,0,LOW
12,651,1197,652.15155,383.72165,238635.06,1424642.4,0.0,0,LOW
12,651,1198,651.28906,383.918,237693.1,1426755.1,0.0,0,LOW
12,651,1199,650.8205,383.78827,237181.31,1425359.2,0.0,0,LOW
12,651,1200,649.7294,383.96243,235989.62,1427233.2,2.0,2,LOW
12,651,1201,646.10284,384.34106,232028.81,1431307.5,0.0,0,LOW
12,651,1202,644.63916,384.5546,230430.2,1433605.1,0.0,0,LOW
12,651,1203,644.9528,384.31314,230772.78,1431007.0,0.0,0,LOW
12,651,1204,642.5992,384.77972,228202.19,1436027.5,0.0,1,LOW
12,651,1205,642.65326,384.56995,228261.25,1433770.2,0.0,0,LOW
12,651,1206,643.398,384.53378,229074.64,1433381.1,2.0,1,LOW
12,651,1207,644.44904,384.4206,230222.56,1432163.2,2.0,1,LOW
12,651,1208,646.38525,384.60492,232337.25,1434146.6,0.0,1,LOW
12,651,1209,648.0937,384.89236,234203.16,1437239.6,0.0,1,LOW
12,651,1210,647.72516,384.616,233800.66,1434265.8,0.0,0,LOW
12,651,1211,648.46436,384.54977,234608.0,1433553.2,0.0,0,LOW
12,651,1212,649.71387,385.0788,235972.69,1439245.6,0.0,0,LOW
12,651,1213,650.6343,385.18958,236977.94,1440437.6,0.0,0,LOW
12,651,1214,649.68475,384.98056,235940.89,1438188.6,0.0,0,LOW
12,651,1215,649.1629,384.71884,235370.94,1435372.5,2.0,1,LOW
12,651,1216,649.05884,384.37912,235257.28,1431717.0,0.0,0,LOW
12,651,1217,648.732,384.2784,234900.31,1430633.2,0.0,0,LOW
12,651,1218,648.9849,384.02893,235176.55,1427948.9,2.0,1,LOW
12,651,1219,648.5476,383.9524,234698.94,1427125.2,0.0,0,LOW
12,651,1220,646.82794,384.30066,232820.73,1430872.8,0.0,0,LOW
12,651,1221,648.02966,383.78027,234133.23,1425273.2,0.0,0,LOW
12,651,1222,648.5809,383.71964,234735.25,1424620.8,0.0,0,LOW
12,651,1223,648.6843,383.63565,234848.25,1423717.0,0.0,0,LOW
12,651,1224,649.3356,383.58594,235559.53,1423182.1,2.0,1,LOW
12,651,1225,649.813,383.82358,236080.94,1425739.1,0.0,0,LOW
12,651,1226,651.01135,383.71442,237389.77,1424564.6,0.0,0,LOW
12,651,1227,652.81213,383.1577,239356.55,1418574.4,0.0,0,LOW
12,651,1228,653.8896,382.93237,240533.31,1416149.6,0.0,0,LOW
12,651,1229,653.7061,383.0992,240332.94,1417944.9,0.0,0,LOW
12,651,1230,653.89026,383.22345,240534.06,1419281.6,0.0,0,LOW
12,651,1231,653.666,383.21152,240289.14,1419153.2,0.0,0,LOW
12,651,1232,653.6985,383.00714,240324.6,1416954.1,0.0,0,LOW
12,651,1233,653.7671,382.8699,240399.53,1415477.4,0.0,0,LOW
12,651,1234,652.1123,382.87048,238592.22,1415483.6,0.0,0,LOW
12,651,1235,649.8273,382.0995,236096.55,1407187.5,2.0,1,LOW
12,651,1236,647.93616,381.79724,234031.11,1403935.2,2.0,1,LOW
12,651,1237,644.70874,382.2851,230506.19,1409184.8,0.0,0,LOW
12,651,1238,643.85156,382.7394,229570.0,1414073.2,0.0,0,LOW
12,651,1239,643.5167,383.2482,229204.3,1419548.0,2.0,8,LOW
12,651,1240,642.78076,383.5964,228400.5,1423294.8,0.0,0,LOW
12,651,1241,640.63104,383.87283,226052.62,1426269.1,0.0,0,LOW
12,651,1242,639.98663,383.6644,225348.81,1424026.4,0.0,0,LOW
12,651,1243,638.40704,383.75403,223623.62,1424990.8,0.0,1,LOW
12,651,1244,637.309,383.8838,222424.38,1426387.1,0.0,1,LOW
12,651,1245,639.02716,383.75317,224300.9,1424981.6,0.0,0,LOW
12,651,1246,640.2055,383.8678,225587.86,1426215.0,0.0,0,LOW
12,651,1247,642.1262,383.9253,227685.62,1426833.6,0.0,0,LOW
12,651,1248,643.4318,384.36575,229111.56,1431573.1,2.0,1,LOW
12,651,1249,644.4209,384.45026,230191.81,1432482.4,0.0,0,LOW
12,651,1250,645.5193,384.47516,231391.47,1432750.4,0.0,0,LOW
12,651,1251,645.7758,384.56537,231671.62,1433721.0,0.0,0,LOW
12,651,1252,645.96234,384.46616,231875.34,1432653.5,0.0,0,LOW
12,651,1253,646.5735,384.17004,232542.84,1429467.2,2.0,1,LOW
12,651,1254,646.67596,384.03882,232654.75,1428055.2,2.0,1,LOW
12,651,1255,646.5034,384.27844,232466.31,1430633.6,0.0,0,LOW
12,651,1256,645.7507,384.4652,231644.17,1432643.2,0.0,0,LOW
12,651,1257,646.67365,384.4472,232652.22,1432449.5,0.0,0,LOW
12,651,1258,647.39136,384.66708,233436.1,1434815.5,0.0,1,LOW
12,651,1259,648.0034,384.65857,234104.56,1434723.9,0.0,1,LOW
12,651,1260,648.4371,384.5783,234578.19,1433860.2,0.0,0,LOW
12,651,1261,648.95953,384.4985,235148.81,1433001.5,2.0,1,LOW
12,651,1262,648.4856,384.93954,234631.19,1437747.2,0.0,0,LOW
12,651,1263,649.0546,385.17654,235252.69,1440297.4,0.0,0,LOW
12,651,1264,649.37146,384.7276,235598.72,1435466.8,0.0,0,LOW
12,651,1265,650.0318,383.77542,236319.94,1425221.0,2.0,1,LOW
12,651,1266,650.33856,383.25543,236654.97,1419625.8,0.0,0,LOW
12,651,1267,650.6198,383.04532,236962.14,1417364.9,0.0,0,LOW
12,651,1268,650.93567,382.9365,237307.11,1416193.9,0.0,0,LOW
12,651,1269,651.2216,382.99258,237619.42,1416797.5,0.0,0,LOW
12,651,1270,651.1124,383.31137,237500.16,1420227.8,0.0,0,LOW
12,651,1271,648.8284,382.76974,235005.62,1414399.6,0.0,0,LOW
12,651,1272,646.68945,382.498,232669.48,1411475.5,0.0,0,LOW
12,651,1273,645.5024,382.53036,231373.0,1411823.9,0.0,0,LOW
12,651,1274,644.5751,382.63794,230360.2,1412981.4,0.0,0,LOW
12,651,1275,643.95026,382.9362,229677.8,1416190.6,0.0,0,LOW
12,651,1276,643.5376,383.46393,229227.1,1421869.2,0.0,0,LOW
12,651,1277,643.72107,383.56744,229427.47,1422983.1,0.0,0,LOW
12,651,1278,643.08136,383.64215,228728.81,1423787.0,0.0,0,LOW
12,651,1279,641.7581,383.56943,227283.6,1423004.5,0.0,0,LOW
12,651,1280,640.82336,383.5385,226262.67,1422671.8,2.0,1,LOW
12,651,1281,640.3497,383.6136,225745.31,1423479.6,0.0,0,LOW
12,651,1282,640.0328,383.66418,225399.2,1424024.1,0.0,0,LOW
12,651,1283,640.70703,383.407,226135.62,1421256.9,2.0,1,LOW
12,651,1284,640.9896,383.3957,226444.25,1421135.0,2.0,2,LOW
12,651,1285,641.4535,383.5073,226950.88,1422335.9,0.0,0,LOW
12,651,1286,642.5981,383.79465,228200.98,1425427.9,0.0,0,LOW
12,651,1287,643.07526,384.14282,228722.12,1429174.4,0.0,1,LOW
12,651,1288,642.8695,384.26147,228497.44,1430451.0,2.0,1,LOW
12,651,1289,643.6791,384.1038,229381.62,1428754.4,2.0,1,LOW
12,651,1290,644.69556,383.96106,230491.8,1427218.5,2.0,3,LOW
12,651,1291,647.12897,384.26147,233149.5,1430451.0,0.0,0,LOW
12,651,1292,648.8029,384.76685,234977.77,1435889.0,2.0,1,LOW
12,651,1293,648.5341,384.96008,234684.19,1437968.2,0.0,0,LOW
12,651,1294,647.59424,384.8402,233657.67,1436678.4,0.0,0,LOW
12,651,1295,647.8428,384.6203,233929.12,1434312.1,0.0,0,LOW
12,651,1296,646.1617,384.66428,232093.06,1434785.2,0.0,1,LOW
12,651,1297,646.0068,384.4733,231923.88,1432730.4,0.0,0,LOW
12,651,1298,646.1823,384.8506,232115.6,1436790.0,0.0,1,LOW
12,651,1299,646.8495,384.6488,232844.28,1434618.8,0.0,2,LOW
12,651,1300,646.89954,384.83453,232898.94,1436617.2,0.0,0,LOW
12,651,1301,647.7047,384.67874,233778.33,1434941.0,0.0,1,LOW
12,651,1302,648.7409,384.5532,234910.03,1433590.0,0.0,0,LOW
12,651,1303,649.2202,384.39737,235433.53,1431913.4,0.0,0,LOW
12,651,1304,649.6054,384.34683,235854.23,1431369.5,2.0,1,LOW
12,651,1305,650.14795,383.99408,236446.78,1427573.9,0.0,1,LOW
12,651,1306,650.1296,383.75833,236426.72,1425037.1,2.0,1,LOW
12,651,1307,650.38043,383.70508,236700.69,1424464.1,0.0,0,LOW
12,651,1308,650.67914,383.90546,237026.94,1426620.2,0.0,2,LOW
12,651,1309,650.75854,383.79504,237113.66,1425432.1,0.0,0,LOW
12,651,1310,646.9677,383.25607,232973.39,1419632.8,0.0,0,LOW
12,651,1311,644.97,382.91125,230791.5,1415922.4,0.0,0,LOW
12,651,1312,643.35236,383.02536,229024.78,1417150.1,0.0,0,LOW
12,651,1313,641.9911,383.11072,227538.03,1418068.6,0.0,0,LOW
12,651,1314,640.79407,383.3279,226230.69,1420405.8,2.0,2,LOW
12,651,1315,639.61414,383.37567,224941.97,1420919.6,0.0,0,LOW
12,651,1316,638.07825,383.60312,223264.52,1423367.0,0.0,0,LOW
12,651,1317,639.26245,383.52444,224557.88,1422520.4,0.0,0,LOW
12,651,1318,640.5412,384.20334,225954.5,1429825.5,0.0,0,LOW
12,651,1319,640.334,383.9253,225728.19,1426833.6,0.0,0,LOW
12,651,1320,641.2106,382.89587,226685.56,1415756.9,0.0,0,LOW
12,651,1321,639.5346,382.35117,224855.12,1409895.6,0.0,0,LOW
12,651,1322,639.9702,382.11972,225330.88,1407405.2,0.0,0,LOW
12,651,1323,639.2181,382.1394,224509.4,1407617.0,0.0,0,LOW
12,651,1324,638.964,381.7768,224231.9,1403715.2,0.0,0,LOW
12,651,1325,639.7136,381.25577,225050.64,1398108.9,0.0,0,LOW
12,651,1326,639.8118,381.01627,225157.89,1395531.8,2.0,1,LOW
12,651,1327,640.4169,380.92322,225818.72,1394530.6,0.0,0,LOW
12,651,1328,640.1254,381.08804,225500.4,1396304.1,0.0,0,LOW
12,651,1329,639.4326,381.0905,224743.72,1396330.8,2.0,1,LOW
12,651,1330,640.11664,381.28244,225490.81,1398395.9,2.0,1,LOW
12,651,1331,639.9345,381.46194,225291.89,1400327.4,0.0,0,LOW
12,651,1332,639.6292,381.39667,224958.44,1399625.0,0.0,0,LOW
12,651,1333,638.2564,381.66626,223459.1,1402525.9,0.0,0,LOW
12,651,1334,635.45074,382.04562,220394.81,1406608.0,0.0,0,LOW
12,651,1335,633.4275,382.4562,218185.06,1411026.0,0.0,0,LOW
12,651,1336,632.05304,383.13455,216683.9,1418325.1,0.0,0,LOW
12,651,1337,632.00696,383.36346,216633.6,1420788.2,2.0,1,LOW
12,651,1338,633.64984,383.15463,218427.9,1418541.1,0.0,0,LOW
12,651,1339,635.137,382.88937,220052.17,1415686.9,0.0,0,LOW
12,651,1340,637.4414,382.85147,222568.97,1415279.0,0.0,0,LOW
12,651,1341,641.13153,383.22888,226599.25,1419340.1,0.0,0,LOW
12,651,1342,643.495,383.47562,229180.56,1421995.0,0.0,0,LOW
12,651,1343,645.2348,383.78854,231080.75,1425362.2,0.0,0,LOW
12,651,1344,646.1469,383.68613,232076.94,1424260.1,0.0,0,LOW
12,651,1345,646.35803,383.68878,232307.52,1424288.8,0.0,0,LOW
12,651,1346,647.6905,383.3532,233762.8,1420677.9,0.0,0,LOW
12,651,1347,648.6325,383.23975,234791.66,1419457.0,0.0,0,LOW
12,651,1348,649.74677,383.16867,236008.62,1418692.2,0.0,0,LOW
12,651,1349,650.0474,383.29092,236337.0,1420007.8,0.0,0,LOW
12,651,1350,649.74896,383.117,236011.02,1418136.2,0.0,0,LOW
12,651,1351,650.3215,382.90027,236636.31,1415804.1,0.0,0,LOW
12,651,1352,650.8042,382.52374,237163.53,1411752.6,0.0,0,LOW
12,651,1353,651.19965,381.9152,237595.42,1405204.5,0.0,1,LOW
12,651,1354,651.7338,381.09143,238178.84,1396340.6,2.0,1,LOW
12,651,1355,650.34717,380.6758,236664.38,1391868.5,6.0,15,HIGH
12,651,1356,647.37964,380.21204,233423.3,1386878.1,2.0,2,LOW
12,651,1357,643.1273,380.06873,228779.0,1385336.0,0.0,0,LOW
12,651,1358,635.20996,380.64206,220131.84,1391505.2,0.0,0,LOW
12,651,1359,628.876,380.53662,213214.0,1390370.8,0.0,0,LOW
12,651,1360,623.9523,379.21252,207836.44,1376123.1,2.0,1,LOW
12,651,1361,623.1944,378.70557,207008.69,1370668.1,0.0,0,LOW
12,651,1362,626.9435,378.5999,211103.38,1369531.2,0.0,0,LOW
12,651,1363,629.3083,379.0725,213686.16,1374616.5,0.0,0,LOW
12,651,1364,632.47644,379.35797,217146.34,1377688.1,0.0,0,LOW
12,651,1365,634.03894,380.0087,218852.88,1384690.1,0.0,0,LOW
12,651,1366,633.937,380.41403,218741.55,1389051.6,0.0,0,LOW
12,651,1367,633.4956,380.46497,218259.45,1389599.6,2.0,1,LOW
12,651,1368,633.7841,380.60052,218574.56,1391058.4,0.0,0,LOW
12,651,1369,632.85016,380.99268,217554.5,1395278.0,0.0,0,LOW
12,651,1370,631.89557,381.005,216511.94,1395410.6,0.0,0,LOW
12,651,1371,630.47754,381.1052,214963.19,1396488.8,0.0,0,LOW
12,651,1372,627.37726,381.37253,211577.12,1399365.2,0.0,0,LOW
12,651,1373,624.4785,381.56534,208411.19,1401440.0,0.0,0,LOW
12,651,1374,624.7568,381.7174,208715.1,1403076.2,0.0,0,LOW
12,651,1375,625.29553,382.2224,209303.52,1408510.2,2.0,2,LOW
12,651,1376,626.453,382.50415,210567.67,1411541.8,0.0,0,LOW
12,651,1377,629.6954,382.6232,214108.92,1412822.8,2.0,1,LOW
12,651,1378,632.7052,382.6824,217396.19,1413459.9,2.0,1,LOW
12,651,1379,634.8809,382.36966,219772.47,1410094.6,0.0,0,LOW
12,651,1380,637.68567,382.48297,222835.75,1411313.9,0.0,0,LOW
12,651,1381,641.9743,382.83304,227519.7,1415080.8,0.0,0,LOW
12,651,1382,643.89734,383.537,229620.0,1422655.4,0.0,0,LOW
12,651,1383,644.7952,384.15863,230600.66,1429344.4,2.0,2,LOW
12,651,1384,646.3749,384.2023,232325.9,1429814.4,0.0,0,LOW
12,651,1385,649.00946,384.10577,235203.34,1428775.6,0.0,2,LOW
12,651,1386,650.5585,384.18347,236895.16,1429611.8,0.0,0,LOW
12,651,1387,653.0781,383.9032,239647.06,1426595.9,0.0,0,LOW
12,651,1388,656.0826,383.58176,242928.45,1423137.1,0.0,0,LOW
12,651,1389,657.3125,383.76294,244271.75,1425086.8,0.0,0,LOW
12,651,1390,656.6372,383.67776,243534.22,1424170.2,0.0,0,LOW
12,651,1391,655.6038,383.3528,242405.56,1420673.6,0.0,0,LOW
12,651,1392,653.4532,383.38605,240056.69,1421031.2,0.0,0,LOW
12,651,1393,648.84686,383.4431,235025.77,1421645.2,0.0,1,LOW
12,651,1394,645.9309,383.18973,231841.02,1418918.8,0.0,0,LOW
12,651,1395,643.0617,383.26477,228707.34,1419726.2,2.0,1,LOW
12,651,1396,640.84064,383.39124,226281.53,1421087.0,2.0,2,LOW
12,651,1397,634.14044,384.50345,218963.72,1433054.8,2.0,1,LOW
12,651,1398,630.00616,384.88574,214448.36,1437168.4,0.0,0,LOW
12,651,1399,624.4196,384.88306,208346.84,1437139.5,0.0,0,LOW
12,651,1400,626.11694,384.07974,210200.64,1428495.6,0.0,0,LOW
12,651,1401,631.35474,383.93686,215921.25,1426958.1,0.0,0,LOW
12,651,1402,635.5856,384.34866,220542.06,1431389.2,0.0,0,LOW
12,651,1403,637.36334,384.07126,222483.72,1428404.2,0.0,1,LOW
12,651,1404,638.84906,383.69586,224106.38,1424364.9,0.0,1,LOW
12,651,1405,640.3929,383.6741,225792.5,1424130.8,0.0,0,LOW
12,651,1406,640.62933,383.83136,226050.75,1425822.9,0.0,1,LOW
12,651,1407,640.4677,383.62943,225874.23,1423650.0,0.0,0,LOW
12,651,1408,639.3798,383.68698,224686.06,1424269.4,2.0,1,LOW
12,651,1409,638.44006,383.66196,223659.69,1424000.1,0.0,0,LOW
12,651,1410,637.1688,383.61594,222271.27,1423504.9,2.0,1,LOW
12,651,1411,634.9183,383.77005,219813.27,1425163.2,0.0,1,LOW
12,651,1412,634.848,383.66367,219736.53,1424018.5,2.0,1,LOW
12,651,1413,635.9325,383.8121,220920.97,1425615.8,2.0,1,LOW
12,651,1414,637.53766,384.03043,222674.1,1427964.9,0.0,3,LOW
12,651,1415,638.60944,384.2561,223844.66,1430393.2,0.0,0,LOW
12,651,1416,639.70056,384.30875,225036.38,1430959.8,0.0,0,LOW
12,651,1417,640.80585,383.9765,226243.55,1427384.6,0.0,0,LOW
12,651,1418,641.8803,383.68756,227417.05,1424275.6,0.0,1,LOW
12,651,1419,643.29767,383.65506,228965.06,1423925.9,0.0,0,LOW
12,651,1420,644.37225,383.7238,230138.69,1424665.4,0.0,0,LOW
12,651,1421,645.03424,383.69907,230861.7,1424399.4,0.0,0,LOW
12,651,1422,645.6314,383.84372,231513.9,1425955.9,2.0,1,LOW
12,651,1423,645.8255,384.42386,231725.9,1432198.4,0.0,1,LOW
12,651,1424,647.31604,384.82272,233353.84,1436490.2,0.0,0,LOW
12,651,1425,649.8902,384.97412,236165.28,1438119.2,0.0,0,LOW
12,651,1426,651.96594,385.17557,238432.36,1440286.9,0.0,0,LOW
12,651,1427,654.26776,385.01718,240946.34,1438582.6,0.0,0,LOW
12,651,1428,654.6936,384.91257,241411.44,1437457.0,0.0,0,LOW
12,651,1429,653.81256,384.6603,240449.19,1434742.6,0.0,0,LOW
12,651,1430,653.33826,384.41168,239931.17,1432067.4,2.0,2,LOW
12,651,1431,650.601,384.5546,236941.61,1433605.1,2.0,1,LOW
12,651,1432,648.1591,384.47095,234274.62,1432705.0,0.0,0,LOW
12,651,1433,645.3364,384.535,231191.75,1433394.2,0.0,0,LOW
12,651,1434,637.5119,384.75867,222645.97,1435801.0,2.0,1,LOW
12,651,1435,634.13367,384.2695,218956.34,1430537.4,2.0,1,LOW
12,651,1436,635.2772,384.1291,220205.3,1429026.5,0.0,0,LOW
12,651,1437,639.5823,384.4668,224907.19,1432660.4,0.0,0,LOW
12,651,1438,642.12164,384.21875,227680.62,1429991.4,0.0,0,LOW
12,651,1439,643.7306,384.0966,229437.88,1428676.9,2.0,1,LOW
12,651,1440,645.3287,384.40085,231183.28,1431950.8,0.0,0,LOW
12,651,1441,646.26855,384.58313,232209.8,1433912.1,0.0,0,LOW
12,651,1442,646.45166,384.42462,232409.78,1432206.5,0.0,1,LOW
12,651,1443,642.88403,383.73145,228513.28,1424747.8,0.0,1,LOW
12,651,1444,640.72375,383.29352,226153.88,1420035.6,2.0,2,LOW
12,651,1445,638.32227,383.35953,223531.03,1420745.9,0.0,0,LOW
12,651,1446,637.22876,383.2874,222336.72,1419969.9,0.0,0,LOW
12,651,1447,636.6024,383.37982,221652.64,1420964.2,2.0,3,LOW
12,651,1448,636.7914,383.2761,221859.03,1419848.1,2.0,3,LOW
12,651,1449,636.8715,383.37888,221946.56,1420954.1,2.0,1,LOW
12,651,1450,637.4296,383.2115,222556.11,1419152.9,2.0,2,LOW
12,651,1451,637.63696,383.54318,222782.56,1422722.0,2.0,1,LOW
12,651,1452,636.81055,383.69412,221879.97,1424346.2,2.0,2,LOW
12,651,1453,637.54193,383.5198,222678.77,1422470.5,2.0,1,LOW
12,651,1454,639.6774,383.94888,225011.1,1427087.5,0.0,0,LOW
12,651,1455,640.6254,384.14044,226046.5,1429148.8,0.0,0,LOW
12,651,1456,641.1891,383.79056,226662.1,1425383.9,2.0,2,LOW
12,651,1457,641.6061,383.8123,227117.53,1425617.6,0.0,1,LOW
12,651,1458,642.24744,383.8606,227818.0,1426137.5,2.0,1,LOW
12,651,1459,642.38684,383.90042,227970.28,1426566.0,2.0,2,LOW
12,651,1460,642.4454,383.6409,228034.19,1423773.5,2.0,1,LOW
12,651,1461,642.6054,383.29016,228208.98,1419999.5,0.0,0,LOW
12,651,1462,642.57947,383.0027,228180.66,1416906.1,2.0,1,LOW
12,651,1463,643.3875,382.96454,229063.19,1416495.8,0.0,0,LOW
12,651,1464,644.6451,383.1093,230436.66,1418053.5,0.0,0,LOW
12,651,1465,646.0041,383.70038,231920.95,1424413.5,0.0,0,LOW
12,651,1466,646.83594,384.2384,232829.47,1430202.8,2.0,1,LOW
12,651,1467,647.87506,384.34183,233964.38,1431315.6,0.0,1,LOW
12,651,1468,649.0719,384.4681,235271.53,1432674.5,0.0,1,LOW
12,651,1469,649.8309,384.68802,236100.47,1435040.8,0.0,0,LOW
12,651,1470,650.0646,384.60562,236355.72,1434154.1,0.0,0,LOW
12,651,1471,650.0449,384.66333,236334.25,1434775.1,2.0,1,LOW
12,651,1472,649.4906,384.81906,235728.84,1436450.9,2.0,1,LOW
12,651,1473,649.0637,384.68402,235262.62,1434997.8,2.0,1,LOW
12,651,1474,647.4304,384.684,233478.75,1434997.4,0.0,1,LOW
12,651,1475,645.89813,384.6082,231805.22,1434181.8,0.0,0,LOW
12,651,1476,645.71173,384.6243,231601.64,1434355.1,0.0,0,LOW
12,651,1477,644.3646,384.85452,230130.36,1436832.4,0.0,2,LOW
12,651,1478,643.21545,384.78818,228875.25,1436118.5,0.0,0,LOW
12,651,1479,642.551,384.7905,228149.6,1436143.5,2.0,1,LOW
12,651,1480,643.90735,384.883,229630.94,1437138.8,0.0,0,LOW
12,651,1481,646.6901,385.39777,232670.22,1442677.9,2.0,1,LOW
12,651,1482,647.506,385.08078,233561.28,1439267.0,0.0,1,LOW
12,651,1483,647.6699,384.68094,233740.34,1434964.6,0.0,1,LOW
12,651,1484,646.991,384.77963,232998.86,1436026.5,0.0,1,LOW
12,651,1485,647.3487,384.48935,233389.5,1432903.0,2.0,1,LOW
12,651,1486,647.19946,384.38058,233226.5,1431732.8,0.0,0,LOW
12,651,1487,647.32166,384.28046,233359.97,1430655.2,2.0,1,LOW
12,651,1488,646.9754,384.3207,232981.8,1431088.5,2.0,1,LOW
12,651,1489,647.09705,383.7875,233114.66,1425351.0,0.0,0,LOW
12,651,1490,647.0042,383.56766,233013.27,1422985.4,2.0,1,LOW
12,651,1491,646.9109,383.29324,232911.34,1420032.6,0.0,0,LOW
12,651,1492,646.5399,383.24982,232506.16,1419565.4,0.0,0,LOW
12,651,1493,646.6122,383.2454,232585.1,1419517.8,0.0,1,LOW
12,651,1494,646.23456,383.4115,232172.66,1421305.1,0.0,0,LOW
12,651,1495,646.199,383.59726,232133.8,1423304.0,2.0,1,LOW
12,651,1496,645.93024,384.24268,231840.28,1430248.8,0.0,0,LOW
12,651,1497,646.9891,384.83984,232996.72,1436674.5,0.0,0,LOW
12,651,1498,647.88995,385.27982,233980.66,1441408.6,0.0,1,LOW
12,651,1499,648.0759,385.52206,234183.77,1444015.2,0.0,0,LOW
12,651,1500,648.379,385.3404,234514.81,1442060.5,0.0,0,LOW
12,651,1501,648.5906,385.35873,234745.84,1442257.9,0.0,0,LOW
12,651,1502,649.10486,385.4376,235307.53,1443106.4,0.0,0,LOW
12,651,1503,649.5072,385.5838,235746.97,1444679.6,0.0,0,LOW
12,651,1504,650.4377,385.56226,236763.22,1444447.8,0.0,0,LOW
12,651,1505,650.3087,385.66983,236622.38,1445605.2,0.0,0,LOW
12,651,1506,649.2187,385.55225,235431.88,1444340.1,0.0,0,LOW
12,651,1507,648.58606,385.33966,234740.9,1442052.6,0.0,0,LOW
12,651,1508,646.5156,385.30606,232479.64,1441691.0,0.0,0,LOW
12,651,1509,645.1259,385.15167,230961.83,1440029.8,0.0,1,LOW
12,651,1510,643.0978,385.1205,228746.73,1439694.5,2.0,1,LOW
12,651,1511,642.0623,385.08383,227615.83,1439299.9,2.0,2,LOW
12,651,1512,644.0327,385.15063,229767.84,1440018.6,0.0,0,LOW
12,651,1513,646.52527,385.94272,232490.17,1448541.6,0.0,0,LOW
12,651,1514,645.21936,385.5081,231063.88,1443864.9,2.0,1,LOW
12,651,1515,645.8385,384.80695,231740.1,1436320.5,0.0,0,LOW
12,651,1516,646.6217,384.79166,232595.5,1436156.0,0.0,0,LOW
12,651,1517,646.7774,384.58197,232765.55,1433899.6,2.0,1,LOW
12,651,1518,646.15393,384.46896,232084.6,1432683.8,0.0,0,LOW
12,651,1519,646.69714,384.05463,232677.89,1428225.2,2.0,1,LOW
12,651,1520,647.137,383.82782,233158.31,1425784.9,0.0,0,LOW
12,651,1521,646.74133,383.4969,232726.16,1422223.9,2.0,1,LOW
12,651,1522,646.32886,383.32953,232275.66,1420423.1,0.0,0,LOW
12,651,1523,645.6113,383.29926,231491.98,1420097.4,0.0,0,LOW
12,651,1524,645.68036,383.2492,231567.38,1419558.8,0.0,0,LOW
12,651,1525,645.75134,383.4885,231644.9,1422133.6,0.0,0,LOW
12,651,1526,645.23975,383.6428,231086.16,1423793.9,2.0,1,LOW
12,651,1527,644.62714,383.73862,230417.06,1424825.0,0.0,0,LOW
12,651,1528,645.5692,383.84738,231446.0,1425995.2,2.0,1,LOW
12,651,1529,645.2065,384.28983,231049.81,1430756.1,0.0,0,LOW
12,651,1530,645.84827,384.40262,231750.77,1431969.8,2.0,1,LOW
12,651,1531,647.9643,384.78384,234061.84,1436071.9,0.0,1,LOW
12,651,1532,648.0549,384.86725,234160.77,1436969.4,2.0,1,LOW
12,651,1533,648.38135,384.47797,234517.34,1432780.5,0.0,1,LOW
12,651,1534,650.4737,384.7783,236802.55,1436012.1,0.0,0,LOW
12,651,1535,651.7826,385.12555,238232.1,1439748.8,0.0,0,LOW
12,651,1536,652.44415,385.2161,238954.66,1440723.0,0.0,0,LOW
12,651,1537,651.92535,385.13315,238388.03,1439830.5,0.0,0,LOW
12,651,1538,650.7727,384.8462,237129.12,1436742.8,0.0,0,LOW
12,651,1539,649.03046,384.82782,235226.28,1436545.1,0.0,1,LOW
12,651,1540,647.7115,384.8007,233785.72,1436253.1,0.0,0,LOW
12,651,1541,647.08356,384.8486,233099.92,1436768.8,0.0,0,LOW
12,651,1542,646.0359,384.89722,231955.69,1437291.8,0.0,2,LOW
12,651,1543,643.986,384.98016,229716.86,1438184.4,2.0,1,LOW
12,651,1544,641.5735,384.86002,227081.94,1436891.5,0.0,0,LOW
12,651,1545,641.94714,384.68634,227490.03,1435022.8,2.0,1,LOW
12,651,1546,643.373,385.30145,229047.31,1441641.5,2.0,1,LOW
12,651,1547,644.7419,385.11234,230542.39,1439606.5,0.0,2,LOW
12,651,1548,644.9963,385.1291,230820.23,1439786.8,0.0,1,LOW
12,651,1549,645.85803,385.01602,231761.44,1438570.1,2.0,1,LOW
12,651,1550,646.1935,384.76614,232127.8,1435881.4,0.0,0,LOW
12,651,1551,646.34375,384.6834,232291.92,1434991.2,0.0,1,LOW
12,651,1552,646.44385,384.45425,232401.25,1432525.4,0.0,1,LOW
12,651,1553,646.1855,384.34436,232119.06,1431342.9,0.0,0,LOW
12,651,1554,646.032,384.33472,231951.4,1431239.1,0.0,0,LOW
12,651,1555,646.14264,384.25864,232072.27,1430420.5,0.0,0,LOW
12,651,1556,645.88135,383.81113,231786.9,1425605.2,2.0,1,LOW
12,651,1557,645.6967,383.60956,231585.25,1423436.2,0.0,0,LOW
12,651,1558,645.23645,383.46313,231082.55,1421860.8,0.0,0,LOW
12,651,1559,645.58875,383.45868,231467.31,1421812.8,0.0,0,LOW
12,651,1560,646.4009,383.88672,232354.31,1426418.6,2.0,1,LOW
12,651,1561,647.0192,384.60828,233029.66,1434182.8,0.0,1,LOW
12,651,1562,648.43994,385.0704,234581.34,1439155.4,0.0,1,LOW
12,651,1563,649.4023,385.5082,235632.38,1443866.2,0.0,0,LOW
12,651,1564,651.6113,385.79028,238045.06,1446901.4,0.0,0,LOW
12,651,1565,653.19104,385.95547,239770.38,1448678.9,0.0,0,LOW
12,651,1566,654.9005,386.00867,241637.44,1449251.2,0.0,0,LOW
12,651,1567,654.5377,386.0752,241241.19,1449967.1,0.0,1,LOW
12,651,1568,652.877,385.82623,239427.4,1447288.2,0.0,0,LOW
12,651,1569,651.672,385.76712,238111.31,1446652.2,0.0,0,LOW
12,651,1570,649.8669,385.82266,236139.81,1447249.9,0.0,0,LOW
12,651,1571,649.37915,385.5106,235607.12,1443891.9,0.0,0,LOW
12,651,1572,647.7965,385.61163,233878.6,1444979.1,0.0,0,LOW
12,651,1573,648.60895,385.5517,234765.9,1444334.1,0.0,0,LOW
12,651,1574,649.60846,386.016,235857.56,1449330.1,2.0,1,LOW
12,651,1575,650.57214,385.70496,236910.08,1445983.2,0.0,0,LOW
12,651,1576,650.57227,385.7017,236910.22,1445948.1,0.0,0,LOW
12,651,1577,650.3136,385.62143,236627.7,1445084.5,0.0,0,LOW
12,651,1578,647.9441,384.92352,234039.78,1437574.9,0.0,0,LOW
12,651,1579,644.8621,384.79016,230673.72,1436139.9,0.0,1,LOW
12,651,1580,642.5361,384.82834,228133.25,1436550.6,2.0,4,LOW
12,651,1581,640.68567,384.79614,226112.28,1436204.2,0.0,0,LOW
12,651,1582,630.07324,385.1474,214521.62,1439983.9,0.0,1,LOW
12,651,1583,632.6214,383.92297,217304.66,1426808.8,0.0,1,LOW
12,651,1584,635.8187,384.03424,220796.72,1428006.0,0.0,0,LOW
12,651,1585,638.59155,384.3906,223825.12,1431840.4,2.0,1,LOW
12,651,1586,640.8258,383.91565,226265.34,1426729.9,0.0,0,LOW
12,651,1587,641.85455,383.75717,227388.92,1425024.6,0.0,0,LOW
12,651,1588,643.15784,383.47736,228812.33,1422013.8,0.0,0,LOW
12,651,1589,643.77856,383.526,229490.28,1422537.1,0.0,0,LOW
12,651,1590,644.4307,383.81766,230202.56,1425675.5,2.0,2,LOW
12,651,1591,644.7641,384.08325,230566.66,1428533.4,2.0,1,LOW
12,651,1592,644.9808,384.56616,230803.31,1433729.6,0.0,0,LOW
12,651,1593,644.72424,384.70187,230523.12,1435189.9,0.0,1,LOW
12,651,1594,644.67786,384.88947,230472.47,1437208.4,0.0,1,LOW
12,651,1595,644.76434,384.8544,230566.92,1436831.1,0.0,1,LOW
12,651,1596,644.58575,384.50937,230371.88,1433118.5,0.0,0,LOW
12,651,1597,644.37006,384.09784,230136.3,1428690.2,2.0,1,LOW
12,651,1598,645.745,384.17236,231637.97,1429492.2,0.0,0,LOW
12,651,1599,647.51074,384.3941,233566.47,1431878.1,0.0,0,LOW
12,651,1600,648.0602,384.55832,234166.56,1433645.1,0.0,0,LOW
12,651,1601,648.6203,384.46164,234778.31,1432604.9,0.0,1,LOW
12,651,1602,649.8071,384.37408,236074.53,1431662.8,0.0,0,LOW
12,651,1603,648.72455,384.5423,234892.19,1433472.8,0.0,0,LOW
12,651,1604,647.7918,384.3593,233873.45,1431503.9,0.0,1,LOW
12,651,1605,646.78723,384.38113,232776.28,1431738.6,0.0,0,LOW
12,651,1606,644.7639,384.55884,230566.45,1433650.8,0.0,0,LOW
12,651,1607,643.62177,384.56396,229319.03,1433705.9,0.0,0,LOW
12,651,1608,643.7233,384.5349,229429.95,1433393.2,2.0,1,LOW
12,651,1609,644.04535,384.52954,229781.66,1433335.5,0.0,0,LOW
12,651,1610,643.8064,384.69537,229520.67,1435119.9,2.0,2,LOW
12,651,1611,645.38794,384.59738,231248.0,1434065.5,0.0,0,LOW
12,651,1612,645.0948,384.7822,230927.83,1436054.1,0.0,1,LOW
12,651,1613,644.0259,384.47574,229760.39,1432756.6,2.0,1,LOW
12,651,1614,645.27875,384.02548,231128.75,1427911.8,0.0,0,LOW
12,651,1615,647.00073,384.46265,233009.47,1432615.8,0.0,0,LOW
12,651,1616,647.7425,384.33817,233819.6,1431276.2,0.0,1,LOW
12,651,1617,648.1199,384.0517,234231.75,1428193.8,0.0,1,LOW
12,651,1618,648.51685,384.0228,234665.31,1427882.9,0.0,0,LOW
12,651,1619,648.90027,384.1683,235084.1,1429448.5,0.0,0,LOW
12,651,1620,646.9057,383.64468,232905.67,1423814.2,0.0,0,LOW
12,651,1621,645.2262,383.3381,231071.34,1420515.4,0.0,0,LOW
12,651,1622,644.2376,383.25336,229991.62,1419603.5,2.0,1,LOW
12,651,1623,644.25433,383.31723,230009.9,1420290.8,0.0,0,LOW
12,651,1624,644.5923,383.53677,230379.0,1422653.1,0.0,0,LOW
12,651,1625,644.7347,383.8269,230534.53,1425775.0,2.0,1,LOW
12,651,1626,644.5695,384.24744,230354.16,1430300.0,2.0,1,LOW
12,651,1627,644.97144,384.6167,230793.11,1434273.4,2.0,1,LOW
12,651,1628,646.2108,384.67517,232146.72,1434902.5,0.0,1,LOW
12,651,1629,646.89404,384.79544,232892.94,1436196.6,0.0,0,LOW
12,651,1630,648.0979,384.55673,234207.75,1433628.1,0.0,0,LOW
12,651,1631,648.2121,384.36234,234332.48,1431536.4,2.0,1,LOW
12,651,1632,648.6812,384.4263,234844.84,1432224.6,0.0,0,LOW
12,651,1633,648.7188,384.46454,234885.9,1432636.1,0.0,1,LOW
12,651,1634,650.98517,384.32108,237361.17,1431092.4,0.0,0,LOW
12,651,1635,650.53076,384.71027,236864.88,1435280.1,0.0,2,LOW
12,651,1636,650.10474,384.4371,236399.6,1432340.9,0.0,1,LOW
12,651,1637,643.9046,384.74805,229627.94,1435686.8,2.0,1,LOW
12,651,1638,638.1512,384.59146,223344.17,1434001.8,2.0,1,LOW
12,651,1639,639.819,383.81143,225165.69,1425608.5,0.0,0,LOW
12,651,1640,641.3543,384.25073,226842.56,1430335.5,0.0,0,LOW
12,651,1641,643.8317,384.39145,229548.34,1431849.6,2.0,1,LOW
12,651,1642,645.59595,384.99167,231475.19,1438308.1,0.0,0,LOW
12,651,1643,646.96185,385.11533,232967.0,1439638.8,2.0,1,LOW
12,651,1644,647.3076,385.18616,233344.62,1440400.9,2.0,6,LOW
12,651,1645,647.7644,385.08118,233843.53,1439271.2,0.0,0,LOW
12,651,1646,648.4331,385.07874,234573.88,1439245.0,0.0,1,LOW
12,651,1647,648.9857,384.94003,235177.4,1437752.5,0.0,1,LOW
12,651,1648,648.99023,384.72052,235182.34,1435390.5,2.0,1,LOW
12,651,1649,648.69684,384.561,234861.9,1433674.1,0.0,0,LOW
12,651,1650,648.381,384.56268,234516.94,1433692.1,0.0,0,LOW
12,651,1651,647.4349,384.6739,233483.62,1434888.8,0.0,1,LOW
12,651,1652,645.4181,384.83795,231280.94,1436654.1,0.0,0,LOW
12,651,1653,644.7782,384.69183,230582.06,1435081.9,0.0,1,LOW
12,651,1654,643.9076,384.77512,229631.2,1435978.0,2.0,1,LOW
12,651,1655,645.31714,384.6345,231170.67,1434464.8,0.0,0,LOW
12,651,1656,645.9001,385.39386,231807.36,1442635.8,2.0,1,LOW
12,651,1657,647.34686,385.26895,233387.5,1441291.8,2.0,1,LOW
12,651,1658,648.563,384.79834,234715.72,1436227.9,0.0,1,LOW
12,651,1659,648.9395,384.57214,235126.97,1433793.9,2.0,1,LOW
12,651,1660,649.3081,384.40012,235529.53,1431942.9,0.0,0,LOW
12,651,1661,649.3584,384.23978,235584.45,1430217.6,0.0,0,LOW
12,651,1662,649.5462,384.2462,235789.56,1430286.5,0.0,0,LOW
12,651,1663,650.64124,383.97937,236985.53,1427415.5,0.0,1,LOW
12,651,1664,650.9296,383.89725,237300.52,1426531.9,0.0,0,LOW
12,651,1665,650.86304,383.82837,237227.78,1425790.8,0.0,0,LOW
12,651,1666,651.1312,383.74326,237520.69,1424874.9,0.0,0,LOW
12,651,1667,651.32477,383.7798,237732.08,1425268.0,0.0,0,LOW
12,651,1668,651.8731,383.73203,238330.97,1424754.0,0.0,0,LOW
12,651,1669,652.2059,383.76593,238694.4,1425118.9,0.0,0,LOW
12,651,1670,653.0139,383.74118,239576.94,1424852.5,0.0,0,LOW
12,651,1671,652.45135,384.0073,238962.5,1427716.0,0.0,0,LOW
12,651,1672,651.6601,384.14462,238098.31,1429193.8,0.0,0,LOW
12,651,1673,652.2249,384.22958,238715.2,1430107.9,0.0,0,LOW
12,651,1674,649.31586,384.6831,235538.0,1434987.9,2.0,3,LOW
12,651,1675,646.308,384.40048,232252.84,1431946.8,2.0,1,LOW
12,651,1676,644.7129,384.359,230510.72,1431500.5,2.0,1,LOW
12,651,1677,643.6208,384.5273,229317.97,1433311.5,2.0,1,LOW
12,651,1678,643.13513,384.57632,228787.53,1433838.9,2.0,2,LOW
12,651,1679,642.83496,384.51266,228459.69,1433153.9,2.0,1,LOW
12,651,1680,640.46497,384.43997,225871.23,1432371.8,0.0,1,LOW
12,651,1681,640.78296,384.41028,226218.55,1432052.2,0.0,1,LOW
12,651,1682,642.5721,384.82343,228172.6,1436497.8,2.0,2,LOW
12,651,1683,643.85645,384.52658,229575.34,1433303.6,0.0,0,LOW
12,651,1684,644.8023,384.18597,230608.38,1429638.6,2.0,1,LOW
12,651,1685,644.7182,383.90527,230516.53,1426618.2,0.0,3,LOW
12,651,1686,645.87933,383.76257,231784.69,1425082.8,0.0,0,LOW
12,651,1687,646.5689,384.0372,232537.84,1428037.9,2.0,1,LOW
12,651,1688,646.823,384.10947,232815.34,1428815.4,0.0,1,LOW
12,651,1689,647.4429,383.94913,233492.34,1427090.1,2.0,1,LOW
12,651,1690,647.2206,383.9597,233249.56,1427203.8,2.0,1,LOW
12,651,1691,646.87585,383.90857,232873.06,1426653.8,0.0,0,LOW
12,651,1692,646.1151,383.76514,232042.2,1425110.4,0.0,0,LOW
12,651,1693,643.71497,383.83502,229420.81,1425862.4,2.0,1,LOW
12,651,1694,642.12506,383.85458,227684.36,1426072.8,2.0,1,LOW
12,651,1695,640.35657,383.88687,225752.84,1426420.2,0.0,0,LOW
12,651,1696,640.1714,384.04053,225550.6,1428073.6,0.0,0,LOW
12,651,1697,641.0709,384.23096,226533.05,1430122.6,2.0,1,LOW
12,651,1698,642.01434,384.0589,227563.44,1428271.2,0.0,1,LOW
12,651,1699,642.5716,384.239,228172.05,1430209.4,2.0,1,LOW
12,651,1700,638.80914,383.9353,224062.78,1426941.4,2.0,1,LOW
12,651,1701,636.37744,383.43417,221406.94,1421549.1,0.0,0,LOW
12,651,1702,637.3855,383.23746,222507.9,1419432.4,2.0,1,LOW
12,651,1703,638.9291,383.39572,224193.78,1421135.4,0.0,0,LOW
12,651,1704,640.3359,383.4173,225730.25,1421367.5,2.0,1,LOW
12,651,1705,641.40137,383.35422,226893.95,1420688.8,0.0,0,LOW
12,651,1706,642.5037,383.0338,228097.92,1417241.1,2.0,1,LOW
12,651,1707,642.4131,383.03094,227998.94,1417210.2,2.0,1,LOW
12,651,1708,645.3811,382.72818,231240.53,1413952.4,0.0,1,LOW
12,651,1709,645.507,383.27954,231378.06,1419885.2,0.0,0,LOW
12,651,1710,646.3742,382.98883,232325.19,1416757.1,0.0,0,LOW
12,651,1711,645.71643,383.01797,231606.78,1417070.8,0.0,0,LOW
12,651,1712,645.87964,383.0457,231785.03,1417368.9,0.0,0,LOW
12,651,1713,646.2543,383.14178,232194.19,1418402.9,0.0,0,LOW
12,651,1714,646.57825,383.34808,232548.03,1420622.8,0.0,0,LOW
12,651,1715,643.70935,383.21075,229414.69,1419145.0,0.0,2,LOW
12,651,1716,641.48553,382.69992,226985.88,1413648.4,0.0,0,LOW
12,651,1717,638.6128,382.67764,223848.33,1413408.6,0.0,0,LOW
12,651,1718,636.15314,382.4167,221161.95,1410600.6,2.0,1,LOW
12,651,1719,636.0675,382.07202,221068.44,1406892.0,0.0,0,LOW
12,651,1720,638.2653,382.03128,223468.83,1406453.6,0.0,0,LOW
12,651,1721,640.8796,382.53094,226324.06,1411830.1,0.0,0,LOW
12,651,1722,643.2204,382.35062,228880.66,1409889.8,0.0,0,LOW
12,651,1723,644.57117,382.04138,230355.94,1406562.2,0.0,0,LOW
12,651,1724,645.12897,381.7169,230965.16,1403070.6,0.0,1,LOW
12,651,1725,645.4403,381.38843,231305.2,1399536.4,2.0,1,LOW
12,651,1726,645.5184,381.13687,231390.47,1396829.5,2.0,1,LOW
12,651,1727,645.5582,380.03708,231434.0,1384995.5,0.0,0,LOW
12,651,1728,643.7029,379.67572,229407.62,1381107.2,0.0,0,LOW
12,651,1729,642.9892,379.3988,228628.14,1378127.5,0.0,0,LOW
12,651,1730,641.7285,379.31046,227251.25,1377176.9,2.0,1,LOW
12,651,1731,640.41943,378.9211,225821.5,1372987.4,0.0,0,LOW
12,651,1732,639.8373,378.5962,225185.69,1369491.2,0.0,0,LOW
12,651,1733,637.6822,377.84097,222831.95,1361364.9,0.0,0,LOW
12,651,1734,636.35455,377.44943,221381.94,1357151.8,0.0,0,LOW
12,651,1735,634.6458,377.9913,219515.69,1362982.5,2.0,4,LOW
12,651,1736,631.91907,378.23224,216537.6,1365575.0,2.0,1,LOW
12,651,1737,634.165,377.6596,218990.53,1359413.4,0.0,0,LOW
12,651,1738,635.4017,378.1158,220341.22,1364322.2,0.0,0,LOW
12,651,1739,636.8271,378.6326,221898.03,1369883.0,0.0,0,LOW
12,651,1740,638.4999,378.53055,223725.0,1368784.9,0.0,0,LOW
12,651,1741,635.2092,378.0287,220131.03,1363384.8,0.0,0,LOW
12,651,1742,634.748,377.49182,219627.28,1357607.9,0.0,0,LOW
12,651,1743,635.43445,377.6182,220377.02,1358967.8,0.0,0,LOW
12,651,1744,636.97986,377.80475,222064.88,1360975.1,0.0,0,LOW
12,651,1745,638.4331,378.11902,223652.1,1364356.8,0.0,0,LOW
12,651,1746,638.30084,378.6706,223507.62,1370291.8,0.0,0,LOW
12,651,1747,637.6424,379.32187,222788.48,1377299.6,0.0,0,LOW
12,651,1748,638.3258,379.238,223534.89,1376397.2,2.0,1,LOW
12,651,1749,639.00183,379.0869,224273.23,1374771.5,2.0,1,LOW
12,651,1750,640.3271,379.08682,225720.66,1374770.5,2.0,1,LOW
12,651,1751,640.38153,379.1452,225780.11,1375398.8,2.0,1,LOW
12,651,1752,640.0784,378.66364,225449.06,1370216.9,0.0,0,LOW
12,651,1753,640.2154,378.71207,225598.66,1370738.0,0.0,0,LOW
12,651,1754,641.7879,378.84802,227316.12,1372201.0,0.0,0,LOW
12,651,1755,643.6113,378.89984,229307.62,1372758.5,4.0,8,MEDIUM
12,651,1756,644.5192,379.08252,230299.22,1374724.2,4.0,2,MEDIUM
12,651,1757,647.87024,379.1209,233959.12,1375137.2,2.0,1,LOW
12,651,1758,651.9688,380.06232,238435.48,1385267.1,2.0,1,LOW
12,651,1759,654.62524,380.3513,241336.78,1388376.5,0.0,0,LOW
12,651,1760,656.68585,380.53534,243587.34,1390356.9,0.0,0,LOW
12,651,1761,657.3513,380.978,244314.14,1395120.0,0.0,0,LOW
12,651,1762,656.66455,381.1091,243564.06,1396530.8,0.0,1,LOW
12,651,1763,655.68317,380.9219,242492.22,1394516.5,2.0,1,LOW
12,651,1764,655.9026,380.59134,242731.88,1390959.5,0.0,1,LOW
12,651,1765,653.51245,380.63406,240121.4,1391419.2,0.0,0,LOW
12,651,1766,653.89386,380.08987,240537.98,1385563.6,0.0,0,LOW
12,651,1767,655.50476,380.02704,242297.38,1384887.5,2.0,3,LOW
12,651,1768,654.4515,379.92245,241147.0,1383762.1,0.0,0,LOW
12,651,1769,653.73224,379.95212,240361.47,1384081.2,2.0,1,LOW
12,651,1770,652.7843,380.2543,239326.16,1387332.9,0.0,0,LOW
12,651,1771,649.621,380.2401,235871.22,1387180.2,4.0,9,MEDIUM
12,651,1772,647.802,379.6282,233884.6,1380595.9,2.0,4,LOW
12,651,1773,649.49976,379.882,235738.84,1383326.8,2.0,1,LOW
12,651,1774,649.7115,379.46417,235970.1,1378830.9,0.0,0,LOW
12,651,1775,648.8494,379.3217,235028.56,1377297.8,2.0,1,LOW
12,651,1776,648.8206,379.54086,234997.1,1379656.1,0.0,0,LOW
12,651,1777,647.45776,380.08777,233508.62,1385541.0,2.0,1,LOW
12,651,1778,643.1924,380.49976,228850.06,1389974.0,0.0,0,LOW
12,651,1779,641.6941,380.40787,227213.66,1388985.2,0.0,0,LOW
12,651,1780,643.4203,380.0697,229098.97,1385346.5,0.0,0,LOW
12,651,1781,644.8533,380.30167,230664.06,1387842.5,0.0,0,LOW
12,651,1782,647.079,380.1257,233094.92,1385949.1,2.0,2,LOW
12,651,1783,650.15326,380.21417,236452.58,1386901.1,4.0,1,MEDIUM
12,651,1784,651.8715,380.3566,238329.22,1388433.6,0.0,0,LOW
12,651,1785,653.0861,380.0436,239655.78,1385065.8,0.0,1,LOW
12,651,1786,653.0253,379.08673,239589.4,1374769.5,2.0,1,LOW
12,651,1787,653.24603,378.25806,239830.44,1365852.8,0.0,0,LOW
12,651,1788,652.89124,378.3527,239442.94,1366871.1,2.0,1,LOW
12,651,1789,653.69385,378.0558,240319.53,1363676.2,0.0,0,LOW
12,651,1790,655.1543,378.08575,241914.61,1363998.8,0.0,0,LOW
12,651,1791,656.1805,378.14447,243035.38,1364630.6,0.0,0,LOW
12,651,1792,657.26355,377.72226,244218.28,1360087.5,0.0,0,LOW
12,651,1793,657.9762,377.1029,244996.62,1353423.1,0.0,0,LOW
12,651,1794,659.61945,377.13998,246791.34,1353822.0,0.0,0,LOW
12,651,1795,660.99615,377.56308,248294.97,1358374.6,0.0,0,LOW
12,651,1796,662.2158,377.56424,249627.06,1358387.1,0.0,0,LOW
12,651,1797,663.4658,377.72714,250992.27,1360140.0,0.0,0,LOW
12,651,1798,664.8253,377.77814,252477.1,1360688.8,0.0,1,LOW
12,651,1799,665.3537,377.82922,253054.16,1361238.4,2.0,1,LOW
12,651,1800,665.72784,377.8724,253462.81,1361703.1,2.0,1,LOW
12,651,1801,668.6098,377.7274,256610.44,1360142.6,0.0,0,LOW
12,651,1802,670.26715,377.85968,258420.53,1361566.1,0.0,0,LOW
12,651,1803,670.41113,377.82645,258577.78,1361208.5,0.0,0,LOW
12,651,1804,672.26965,377.60083,260607.62,1358780.9,2.0,1,LOW
12,651,1805,673.4675,377.84546,261915.9,1361413.1,0.0,0,LOW
12,651,1806,674.7519,377.89438,263318.66,1361939.5,0.0,0,LOW
12,651,1807,675.86414,378.04898,264533.44,1363603.1,0.0,0,LOW
12,651,1808,676.8995,378.1817,265664.22,1365031.2,0.0,0,LOW
12,651,1809,677.9747,378.23947,266838.53,1365652.8,2.0,2,LOW
12,651,1810,678.5007,378.1841,267413.0,1365057.1,0.0,0,LOW
12,651,1811,678.9564,378.05304,267910.78,1363646.8,0.0,0,LOW
12,651,1812,679.8846,377.93866,268924.5,1362416.0,0.0,0,LOW
12,651,1813,680.4744,378.00635,269568.7,1363144.4,0.0,0,LOW
12,651,1814,680.9934,377.9741,270135.53,1362797.2,0.0,0,LOW
12,651,1815,681.46606,377.9715,270651.75,1362769.4,2.0,1,LOW
12,651,1816,681.96405,377.94223,271195.66,1362454.4,0.0,0,LOW
12,651,1817,682.27625,377.95688,271536.6,1362612.0,2.0,1,LOW
12,651,1818,682.6707,377.91998,271967.44,1362215.0,2.0,1,LOW
12,651,1819,683.2649,377.873,272616.38,1361709.4,2.0,1,LOW
12,651,1820,683.82117,377.7091,273223.94,1359946.0,0.0,0,LOW
12,651,1821,684.0242,377.66934,273445.66,1359518.1,0.0,0,LOW
12,651,1822,684.5637,377.75577,274034.94,1360448.0,0.0,0,LOW
12,651,1823,685.2647,377.74628,274800.56,1360345.9,0.0,0,LOW
12,651,1824,684.96484,377.56097,274473.03,1358352.0,0.0,0,LOW
12,651,1825,684.7282,377.35434,274214.6,1356128.6,0.0,0,LOW
12,651,1826,685.25726,377.7086,274792.4,1359940.4,0.0,0,LOW
12,651,1827,684.2016,377.5674,273639.44,1358421.2,0.0,0,LOW
12,651,1828,683.79333,377.02243,273193.53,1352557.1,0.0,0,LOW
12,651,1829,683.8349,377.25098,273238.94,1355016.4,0.0,0,LOW
12,651,1830,683.0478,377.43433,272379.28,1356989.2,0.0,0,LOW
12,651,1831,682.8372,377.46454,272149.28,1357314.4,0.0,0,LOW
12,651,1832,681.11584,377.85367,270269.25,1361501.5,0.0,0,LOW
12,651,1833,680.1104,377.92252,269171.12,1362242.2,0.0,0,LOW
12,651,1834,680.3736,377.91827,269458.56,1362196.6,0.0,0,LOW
12,651,1835,680.7781,378.09836,269900.34,1364134.4,2.0,2,LOW
12,651,1836,680.589,378.32352,269693.8,1366557.1,2.0,2,LOW
12,651,1837,680.8084,378.46326,269933.47,1368060.8,0.0,0,LOW
12,651,1838,680.7798,378.5939,269902.22,1369466.6,2.0,1,LOW
12,651,1839,681.18024,378.64667,270339.56,1370034.4,2.0,1,LOW
12,651,1840,681.8502,378.81442,271071.3,1371839.4,0.0,0,LOW
12,651,1841,682.13965,378.88126,271387.44,1372558.6,0.0,0,LOW
12,651,1842,682.52704,378.76337,271810.53,1371290.0,0.0,0,LOW
12,651,1843,682.74457,378.7419,272048.1,1371059.2,0.0,0,LOW
12,651,1844,682.8622,378.72375,272176.56,1370863.9,0.0,0,LOW
12,651,1845,683.305,378.694,272660.2,1370543.6,2.0,1,LOW
12,651,1846,683.2688,378.6516,272620.66,1370087.5,0.0,0,LOW
12,651,1847,683.6531,379.11295,273040.34,1375051.6,0.0,0,LOW
12,651,1848,683.9995,379.62805,273418.72,1380594.2,0.0,0,LOW
12,651,1849,684.8341,380.002,274330.25,1384618.2,0.0,0,LOW
12,651,1850,685.54346,380.05292,275104.97,1385166.0,0.0,0,LOW
12,651,1851,685.7153,379.9972,275292.66,1384566.4,0.0,0,LOW
12,651,1852,686.22174,379.98288,275845.8,1384412.2,0.0,0,LOW
12,651,1853,687.0039,380.08002,276700.06,1385457.5,0.0,0,LOW
12,651,1854,687.8589,380.1359,277633.84,1386058.8,0.0,0,LOW
12,651,1855,688.3281,380.31516,278146.34,1387987.6,0.0,0,LOW
12,651,1856,688.49756,380.43698,278331.38,1389298.5,0.0,0,LOW
12,651,1857,688.4272,380.55606,278254.53,1390579.9,0.0,0,LOW
12,651,1858,687.9613,380.68155,277745.7,1391930.1,0.0,0,LOW
12,651,1859,687.7258,380.63303,277488.53,1391408.0,0.0,0,LOW
12,651,1860,686.8319,380.77533,276512.2,1392939.2,0.0,0,LOW
12,651,1861,685.84235,380.75925,275431.44,1392766.2,0.0,0,LOW
12,651,1862,685.51166,380.73468,275070.25,1392501.9,0.0,0,LOW
12,651,1863,685.9315,380.93494,275528.8,1394656.6,0.0,0,LOW
12,651,1864,686.5319,381.69437,276184.56,1402828.4,0.0,0,LOW
12,651,1865,686.63763,381.64188,276300.03,1402263.5,0.0,0,LOW
12,651,1866,686.424,381.177,276066.72,1397261.4,0.0,0,LOW
12,651,1867,686.8296,380.7,276509.7,1392128.9,0.0,1,LOW
12,651,1868,687.42566,380.2963,277160.7,1387784.8,2.0,1,LOW
12,651,1869,687.7121,380.14523,277473.53,1386159.2,0.0,0,LOW
12,651,1870,688.70844,379.95786,278561.7,1384143.0,0.0,0,LOW
12,651,1871,689.23645,380.09634,279138.4,1385633.2,0.0,0,LOW
12,651,1872,689.6704,380.10284,279612.34,1385703.1,0.0,0,LOW
12,651,1873,689.5477,380.09412,279478.38,1385609.2,0.0,0,LOW
12,651,1874,689.17145,380.01025,279067.4,1384706.9,0.0,0,LOW
12,651,1875,689.87836,379.57623,279839.47,1380036.8,2.0,1,LOW
12,651,1876,690.37756,379.50623,280384.7,1379283.4,2.0,1,LOW
12,651,1877,690.587,379.5097,280613.4,1379320.9,2.0,1,LOW
12,651,1878,691.00867,379.2546,281073.97,1376575.9,0.0,0,LOW
12,651,1879,691.0302,379.14438,281097.5,1375389.9,0.0,0,LOW
12,651,1880,690.98956,379.24112,281053.1,1376430.8,0.0,0,LOW
12,651,1881,691.02405,379.44562,281090.75,1378631.2,0.0,0,LOW
12,651,1882,690.6903,379.73502,280726.28,1381745.2,0.0,0,LOW
12,651,1883,690.65247,379.50494,280684.94,1379269.6,2.0,1,LOW
12,651,1884,690.25885,379.56607,280255.03,1379927.4,2.0,1,LOW
12,651,1885,689.5451,379.42123,279475.5,1378368.9,0.0,0,LOW
12,651,1886,688.4477,379.24677,278276.94,1376491.5,0.0,0,LOW
12,651,1887,689.3998,379.04947,279316.78,1374368.6,0.0,0,LOW
12,651,1888,689.4317,379.32394,279351.66,1377322.0,0.0,0,LOW
12,651,1889,688.1903,378.7988,277995.8,1371671.2,0.0,0,LOW
12,651,1890,687.1807,378.7445,276893.16,1371087.1,0.0,0,LOW
12,651,1891,686.5811,378.78052,276238.28,1371474.6,0.0,0,LOW
12,651,1892,685.5913,378.79953,275157.25,1371679.1,0.0,0,LOW
12,651,1893,686.5691,378.49057,276225.16,1368354.8,0.0,0,LOW
12,651,1894,688.19104,378.8688,277996.62,1372424.6,0.0,0,LOW
12,651,1895,689.02496,378.9263,278907.4,1373043.2,0.0,0,LOW
12,651,1896,689.2365,378.76627,279138.47,1371321.2,0.0,0,LOW
12,651,1897,689.79047,378.55414,279743.47,1369038.8,0.0,0,LOW
12,651,1898,689.8048,378.48953,279759.16,1368343.5,2.0,1,LOW
12,651,1899,690.094,378.52234,280074.97,1368696.5,2.0,1,LOW
12,651,1900,690.5169,378.30002,280536.88,1366304.2,2.0,1,LOW
12,651,1901,690.1354,378.0599,280120.2,1363720.6,0.0,0,LOW
12,651,1902,690.20917,378.00793,280200.78,1363161.4,0.0,0,LOW
12,651,1903,690.5702,377.92697,280595.1,1362290.2,0.0,0,LOW
12,651,1904,690.8325,377.94427,280881.6,1362476.4,0.0,0,LOW
12,651,1905,691.2658,378.0512,281354.8,1363627.0,0.0,0,LOW
12,651,1906,691.93823,378.1467,282089.22,1364654.5,2.0,1,LOW
12,651,1907,691.8632,377.9184,282007.28,1362198.0,0.0,0,LOW
12,651,1908,692.41144,377.91495,282606.03,1362160.9,0.0,0,LOW
12,651,1909,692.62744,378.0375,282841.97,1363479.6,2.0,1,LOW
12,651,1910,692.6718,378.07077,282890.44,1363837.5,2.0,1,LOW
12,651,1911,692.21387,378.61636,282390.25,1369708.2,2.0,1,LOW
12,651,1912,692.9025,379.0014,283142.4,1373851.4,0.0,0,LOW
12,651,1913,693.55133,379.07162,283851.0,1374607.0,2.0,1,LOW
12,651,1914,694.0621,379.07376,284408.8,1374630.0,0.0,0,LOW
12,651,1915,694.6845,379.2017,285088.66,1376006.5,2.0,1,LOW
12,651,1916,694.6602,379.0983,285062.12,1374894.0,0.0,0,LOW
12,651,1917,693.3306,378.98297,283609.97,1373653.0,2.0,1,LOW
12,651,1918,691.07556,378.9366,281147.03,1373154.2,0.0,0,LOW
12,651,1919,690.44653,378.78336,280460.03,1371505.1,0.0,0,LOW
12,651,1920,689.45245,378.89493,279374.3,1372705.6,2.0,1,LOW
12,651,1921,688.8816,378.86844,278750.84,1372420.6,0.0,1,LOW
12,651,1922,690.2661,378.69354,280262.97,1370538.8,0.0,0,LOW
12,651,1923,692.0539,379.45157,282215.53,1378695.2,0.0,0,LOW
12,651,1924,692.0239,379.5954,282182.8,1380242.9,0.0,0,LOW
12,651,1925,692.2257,379.35803,282403.2,1377688.8,0.0,0,LOW
12,651,1926,692.2617,379.14633,282442.53,1375410.9,0.0,0,LOW
12,651,1927,692.03827,378.85388,282198.47,1372264.0,2.0,1,LOW
12,651,1928,691.50446,378.88974,281615.47,1372649.9,0.0,0,LOW
12,651,1929,691.3364,378.99585,281431.94,1373791.6,0.0,0,LOW
12,651,1930,689.19495,378.4647,279093.06,1368076.2,2.0,1,LOW
12,651,1931,689.382,378.0167,279297.38,1363255.6,0.0,0,LOW
12,651,1932,690.6232,378.2003,280653.0,1365231.1,2.0,2,LOW
12,651,1933,690.8701,377.9196,280922.66,1362210.8,0.0,0,LOW
12,651,1934,691.1265,377.56628,281202.7,1358409.1,0.0,0,LOW
12,651,1935,690.85077,377.36545,280901.5,1356248.1,2.0,1,LOW
12,651,1936,690.82605,377.3016,280874.53,1355561.1,0.0,0,LOW
12,651,1937,691.0117,377.40295,281077.3,1356651.6,2.0,1,LOW
12,651,1938,691.4452,377.5074,281550.72,1357775.4,0.0,0,LOW
12,651,1939,691.2578,377.88312,281346.1,1361818.4,0.0,0,LOW
12,651,1940,691.4326,378.33865,281537.0,1366720.0,0.0,0,LOW
12,651,1941,691.9486,378.90082,282100.53,1372769.0,2.0,1,LOW
12,651,1942,692.4756,379.0413,282676.1,1374280.6,2.0,1,LOW
12,651,1943,692.58527,379.12402,282795.9,1375170.8,0.0,0,LOW
12,651,1944,692.6226,379.01572,282836.7,1374005.4,0.0,0,LOW
12,651,1945,691.9629,378.89716,282116.16,1372729.6,2.0,1,LOW
12,651,1946,691.987,378.67288,282142.47,1370316.4,0.0,0,LOW
12,651,1947,691.4635,378.87982,281570.75,1372543.1,0.0,0,LOW
12,651,1948,690.7561,378.86896,280798.12,1372426.2,0.0,0,LOW
12,651,1949,690.77545,378.7141,280819.25,1370760.0,2.0,1,LOW
12,651,1950,691.1504,378.94354,281228.75,1373228.8,0.0,0,LOW
12,651,1951,690.80505,378.87817,280851.6,1372525.4,0.0,0,LOW
12,651,1952,691.0025,378.82605,281067.25,1371964.5,0.0,0,LOW
12,651,1953,691.03894,378.89902,281107.03,1372749.6,0.0,0,LOW
12,651,1954,690.4726,379.13193,280488.47,1375255.9,0.0,0,LOW
12,651,1955,691.1142,379.14288,281189.22,1375373.8,0.0,0,LOW
12,651,1956,689.15393,379.3739,279048.25,1377859.5,0.0,0,LOW
12,651,1957,688.0241,378.85776,277814.3,1372305.8,0.0,0,LOW
12,651,1958,687.73376,378.95255,277497.2,1373325.6,0.0,0,LOW
12,651,1959,688.38806,378.4891,278211.8,1368338.9,0.0,0,LOW
12,651,1960,689.3463,378.16296,279258.38,1364829.6,2.0,1,LOW
12,651,1961,689.90186,377.96976,279865.12,1362750.6,0.0,0,LOW
12,651,1962,690.2008,377.7532,280191.62,1360420.5,2.0,1,LOW
12,651,1963,690.53174,377.54266,280553.06,1358155.0,0.0,0,LOW
12,651,1964,690.47125,377.4705,280487.0,1357378.4,0.0,0,LOW
12,651,1965,690.47253,377.49615,280488.4,1357654.5,0.0,0,LOW
12,651,1966,690.74786,377.4556,280789.12,1357218.1,0.0,0,LOW
12,651,1967,690.75946,377.53033,280801.8,1358022.2,0.0,0,LOW
12,651,1968,690.17035,377.4272,280158.38,1356912.4,2.0,1,LOW
12,651,1969,689.0686,377.46115,278955.06,1357277.9,0.0,0,LOW
12,651,1970,688.39386,377.82538,278218.12,1361197.0,0.0,0,LOW
12,651,1971,688.0494,378.11075,277841.9,1364267.8,0.0,0,LOW
12,651,1972,688.1521,377.9383,277954.1,1362412.0,0.0,0,LOW
12,651,1973,688.9137,377.98343,278785.9,1362897.8,2.0,1,LOW
12,651,1974,689.01746,378.28143,278899.22,1366104.4,0.0,0,LOW
12,651,1975,688.74615,378.1804,278602.9,1365017.1,0.0,0,LOW
12,651,1976,689.40796,378.26147,279325.72,1365889.5,0.0,0,LOW
12,651,1977,690.5439,378.37018,280566.34,1367059.2,0.0,0,LOW
12,651,1978,691.10254,378.6434,281176.5,1369999.2,0.0,0,LOW
12,651,1979,690.3164,378.82275,280317.9,1371929.1,0.0,0,LOW
12,651,1980,689.89813,378.6717,279861.06,1370303.6,2.0,1,LOW
12,651,1981,688.3516,378.7038,278172.0,1370649.0,2.0,1,LOW
12,651,1982,682.7591,378.65222,272063.97,1370094.1,2.0,1,LOW
12,651,1983,679.11523,378.44034,268084.22,1367814.1,0.0,0,LOW
12,651,1984,679.15485,378.77884,268127.5,1371456.5,0.0,0,LOW
12,651,1985,677.92035,378.24603,266779.2,1365723.4,2.0,2,LOW
12,651,1986,676.65375,377.947,265395.84,1362505.6,0.0,0,LOW
12,651,1987,679.14294,377.7416,268114.47,1360295.6,0.0,0,LOW
12,651,1988,681.06866,378.23666,270217.72,1365622.6,0.0,0,LOW
12,651,1989,682.01636,378.188,271252.75,1365098.9,2.0,2,LOW
12,651,1990,683.3723,378.03235,272733.72,1363424.1,2.0,1,LOW
12,651,1991,684.6298,378.18912,274107.12,1365111.0,0.0,0,LOW
12,651,1992,686.88275,378.3887,276567.72,1367258.6,0.0,0,LOW
12,651,1993,687.9646,378.68417,277749.3,1370437.9,2.0,1,LOW
12,651,1994,688.98535,378.71033,278864.16,1370719.4,0.0,0,LOW
12,651,1995,689.6981,378.92978,279642.62,1373080.8,0.0,0,LOW
12,651,1996,690.26953,378.91376,280266.72,1372908.2,2.0,1,LOW
12,651,1997,690.1368,378.95792,280121.72,1373383.5,0.0,0,LOW
12,651,1998,690.21094,378.90692,280202.72,1372834.8,2.0,1,LOW
12,651,1999,690.6469,378.8544,280678.88,1372269.6,0.0,0,LOW
12,651,2000,690.5783,378.8838,280603.94,1372585.9,0.0,0,LOW
12,651,2001,690.90674,378.90964,280962.62,1372864.0,0.0,0,LOW
12,651,2002,692.02924,379.03522,282188.6,1374215.2,2.0,1,LOW
12,651,2003,692.8675,378.69412,283104.16,1370545.0,0.0,0,LOW
12,651,2004,691.7573,378.26355,281891.62,1365911.9,0.0,0,LOW
12,651,2005,689.1544,378.162,279048.78,1364819.0,2.0,1,LOW
12,651,2006,686.71234,378.40274,276381.62,1367409.6,0.0,0,LOW
12,651,2007,684.872,378.3774,274371.66,1367137.1,0.0,0,LOW
12,651,2008,684.5344,378.32266,274002.94,1366548.0,2.0,1,LOW
12,651,2009,686.913,378.24744,276600.78,1365738.5,0.0,0,LOW
12,651,2010,689.4455,378.8052,279366.72,1371740.2,0.0,1,LOW
12,651,2011,690.4255,378.58438,280437.03,1369364.1,0.0,0,LOW
12,651,2012,690.8278,378.24362,280876.44,1365697.5,0.0,0,LOW
12,651,2013,691.3624,378.08563,281460.34,1363997.5,2.0,1,LOW
12,651,2014,692.025,378.06378,282184.0,1363762.4,0.0,0,LOW
12,651,2015,692.7157,377.98987,282938.34,1362967.0,0.0,0,LOW
12,651,2016,693.29205,378.08423,283567.84,1363982.4,0.0,0,LOW
12,651,2017,693.5038,378.1694,283799.1,1364898.9,0.0,0,LOW
12,651,2018,693.5064,378.10733,283801.94,1364230.9,0.0,0,LOW
12,651,2019,690.8826,377.94406,280936.3,1362474.1,0.0,0,LOW
12,651,2020,687.9568,377.62433,277740.78,1359033.8,0.0,0,LOW
12,651,2021,686.911,377.48154,276598.6,1357497.2,0.0,0,LOW
12,651,2022,685.99493,377.48495,275598.1,1357534.0,0.0,1,LOW
12,651,2023,685.15894,377.45047,274685.03,1357163.0,2.0,1,LOW
12,651,2024,685.5101,377.5653,275068.53,1358398.6,0.0,0,LOW
12,651,2025,685.6439,377.6728,275214.72,1359555.1,0.0,0,LOW
12,651,2026,686.9194,377.47324,276607.75,1357407.9,0.0,0,LOW
12,651,2027,688.5115,377.8838,278346.6,1361825.6,0.0,0,LOW
12,651,2028,689.56146,378.13217,279493.38,1364498.2,0.0,0,LOW
12,651,2029,690.382,378.00287,280389.56,1363106.9,0.0,0,LOW
12,651,2030,691.0012,378.11548,281065.84,1364318.6,0.0,0,LOW
12,651,2031,690.396,378.11465,280404.8,1364309.8,0.0,0,LOW
12,651,2032,690.48694,377.8857,280504.16,1361846.2,2.0,1,LOW
12,651,2033,690.7784,377.9101,280822.47,1362108.6,0.0,0,LOW
12,651,2034,690.27386,377.8793,280271.44,1361777.2,2.0,1,LOW
12,651,2035,690.0076,377.71967,279980.66,1360059.5,2.0,1,LOW
12,651,2036,690.4967,377.7891,280514.8,1360806.6,0.0,0,LOW
12,651,2037,691.0047,377.78226,281069.62,1360733.1,0.0,0,LOW
12,651,2038,691.25183,377.6638,281339.53,1359458.2,0.0,0,LOW
12,651,2039,692.0458,377.7307,282206.66,1360178.5,0.0,0,LOW
12,651,2040,692.8721,377.84177,283109.16,1361373.4,0.0,0,LOW
12,651,2041,693.083,377.93167,283339.53,1362340.8,0.0,0,LOW
12,651,2042,693.19653,377.88324,283463.5,1361819.6,2.0,1,LOW
12,651,2043,693.8131,377.94788,284136.9,1362515.1,0.0,0,LOW
12,651,2044,694.3909,378.12994,284768.0,1364474.2,2.0,1,LOW
12,651,2045,694.91705,378.29343,285342.62,1366233.4,0.0,0,LOW
12,651,2046,695.0862,378.50146,285527.34,1368471.9,0.0,0,LOW
12,651,2047,695.4436,378.2671,285917.72,1365950.0,0.0,0,LOW
12,651,2048,695.34644,378.07413,285811.6,1363873.6,0.0,0,LOW
12,651,2049,694.08417,377.99503,284432.97,1363022.5,0.0,0,LOW
12,651,2050,694.089,377.48227,284438.22,1357505.1,0.0,0,LOW
12,651,2051,693.6825,377.5119,283994.25,1357824.0,2.0,1,LOW
12,651,2052,692.9719,377.54495,283218.2,1358179.6,0.0,0,LOW
12,651,2053,693.45435,377.3434,283745.1,1356011.0,0.0,0,LOW
12,651,2054,693.4416,377.10498,283731.16,1353445.4,0.0,0,LOW
12,651,2055,692.37177,376.81647,282562.72,1350340.9,0.0,0,LOW
12,651,2056,691.9388,376.62216,282089.8,1348250.1,0.0,0,LOW
12,651,2057,691.20105,376.77203,281284.1,1349862.8,0.0,0,LOW
12,651,2058,691.37585,376.2117,281475.0,1343833.5,0.0,0,LOW
12,651,2059,691.017,376.0059,281083.1,1341618.9,0.0,0,LOW
12,651,2060,691.3443,376.2269,281440.53,1343997.0,0.0,0,LOW
12,651,2061,691.0223,376.6991,281088.84,1349078.0,0.0,0,LOW
12,651,2062,690.7936,376.8858,280839.06,1351087.0,2.0,1,LOW
12,651,2063,690.61163,377.00583,280640.34,1352378.5,2.0,1,LOW
12,651,2064,690.79144,377.08282,280836.72,1353207.0,0.0,0,LOW
12,651,2065,690.7505,377.29706,280792.0,1355512.2,0.0,0,LOW
12,651,2066,691.0518,377.39386,281121.1,1356553.8,2.0,1,LOW
12,651,2067,691.75574,377.60703,281889.9,1358847.5,0.0,0,LOW
12,651,2068,691.8189,377.6593,281958.9,1359410.0,0.0,0,LOW
12,651,2069,692.1012,377.53467,282267.2,1358069.0,0.0,0,LOW
12,651,2070,692.4656,377.67902,282665.16,1359622.1,0.0,0,LOW
12,651,2071,692.9302,377.6961,283172.6,1359806.0,0.0,0,LOW
12,651,2072,693.82434,377.64777,284149.2,1359285.9,0.0,0,LOW
12,651,2073,694.51984,377.68143,284908.78,1359648.1,0.0,0,LOW
12,651,2074,695.41675,377.61835,285888.38,1358969.4,0.0,0,LOW
12,651,2075,696.226,377.59186,286772.25,1358684.4,0.0,0,LOW
12,651,2076,697.51636,377.52832,288181.53,1358000.6,0.0,0,LOW
12,651,2077,698.7341,377.50168,289511.5,1357714.0,0.0,0,LOW
12,651,2078,699.7379,377.6039,290607.88,1358814.0,6.0,3,HIGH
12,651,2079,699.3843,377.73465,290221.62,1360220.8,0.0,0,LOW
12,651,2080,700.13385,377.61417,291040.3,1358924.4,4.0,3,MEDIUM
12,651,2081,701.9537,377.73056,293027.88,1360176.8,0.0,0,LOW
12,651,2082,703.25464,377.9247,294448.75,1362265.9,0.0,0,LOW
12,651,2083,704.0496,377.6882,295317.03,1359721.0,0.0,0,LOW
12,651,2084,704.14606,377.3539,295422.34,1356124.0,0.0,0,LOW
12,651,2085,704.35516,377.10767,295650.72,1353474.2,2.0,4,LOW
12,651,2086,703.9767,377.24557,295237.34,1354958.2,0.0,0,LOW
12,651,2087,703.6895,377.16397,294923.72,1354080.1,0.0,0,LOW
12,651,2088,699.2364,377.2342,290060.1,1354835.8,2.0,6,LOW
12,651,2089,695.88196,376.71545,286396.47,1349254.0,0.0,0,LOW
12,651,2090,694.3121,376.31238,284681.88,1344916.8,0.0,0,LOW
12,651,2091,690.8605,376.4112,280912.12,1345980.1,0.0,0,LOW
12,651,2092,688.69977,376.16214,278552.25,1343300.2,0.0,0,LOW
12,651,2093,688.9456,375.10565,278820.75,1331932.1,0.0,0,LOW
12,651,2094,686.9186,374.6923,276606.88,1327484.2,0.0,0,LOW
12,651,2095,687.81506,374.45026,277586.0,1324879.9,0.0,0,LOW
12,651,2096,686.7701,374.0686,276444.7,1320773.2,0.0,0,LOW
12,651,2097,685.83026,373.93756,275418.22,1319363.1,0.0,0,LOW
12,651,2098,684.26215,374.39038,273705.56,1324235.6,0.0,0,LOW
12,651,2099,684.0595,374.47427,273484.25,1325138.4,0.0,0,LOW
12,651,2100,683.7897,374.51688,273189.53,1325596.8,0.0,0,LOW
12,651,2101,683.4158,375.0172,272781.2,1330980.5,0.0,0,LOW
12,651,2102,682.8359,375.2584,272147.8,1333575.6,0.0,0,LOW
12,651,2103,682.9223,375.10745,272242.22,1331951.5,0.0,0,LOW
12,651,2104,683.33716,375.19595,272695.3,1332903.8,0.0,0,LOW
12,651,2105,683.69104,375.40744,273081.8,1335179.5,0.0,0,LOW
12,651,2106,683.5577,375.38007,272936.16,1334884.9,0.0,0,LOW
12,651,2107,683.40234,375.31516,272766.5,1334186.4,0.0,0,LOW
12,651,2108,683.152,375.3223,272493.06,1334263.2,0.0,0,LOW
12,651,2109,683.6731,375.3378,273062.22,1334430.1,0.0,0,LOW
12,651,2110,684.7593,375.4452,274248.53,1335585.6,0.0,0,LOW
12,651,2111,685.6589,375.57047,275231.03,1336933.6,2.0,1,LOW
12,651,2112,686.6129,375.52884,276273.03,1336485.8,0.0,0,LOW
12,651,2113,686.1486,375.92792,275765.94,1340779.9,0.0,0,LOW
12,651,2114,686.27814,375.95206,275907.38,1341039.6,0.0,0,LOW
12,651,2115,686.0486,375.83203,275656.66,1339748.1,0.0,0,LOW
12,651,2116,686.11975,376.19293,275734.4,1343631.5,0.0,0,LOW
12,651,2117,687.15076,376.50278,276860.44,1346965.5,0.0,0,LOW
12,651,2118,689.34393,377.02557,279255.78,1352591.0,0.0,0,LOW
12,651,2119,691.82227,377.65515,281962.56,1359365.4,0.0,0,LOW
12,651,2120,697.3228,377.81613,287970.16,1361097.6,0.0,0,LOW
12,651,2121,701.2984,378.48874,292312.2,1368335.0,2.0,1,LOW
12,651,2122,704.9467,378.4929,296296.8,1368379.6,2.0,1,LOW
12,651,2123,707.4948,378.3988,299079.78,1367367.2,0.0,0,LOW
12,651,2124,707.7237,378.2827,299329.75,1366118.1,0.0,0,LOW
12,651,2125,707.1008,377.96518,298649.47,1362701.4,2.0,1,LOW
12,651,2126,706.9173,377.79935,298449.03,1360917.0,2.0,1,LOW
12,651,2127,706.99365,377.70865,298532.4,1359941.0,0.0,0,LOW
12,651,2128,707.4448,377.70486,299025.2,1359900.2,0.0,0,LOW
12,651,2129,706.8416,377.8909,298366.38,1361902.1,2.0,1,LOW
12,651,2130,707.0386,377.51764,298581.47,1357885.8,0.0,0,LOW
12,651,2131,706.51825,377.3365,298013.2,1355936.5,0.0,0,LOW
12,651,2132,705.93146,377.38535,297372.3,1356462.2,0.0,0,LOW
12,651,2133,703.0275,376.9131,294200.72,1351380.6,0.0,0,LOW
12,651,2134,698.16833,376.66638,288893.6,1348726.0,0.0,0,LOW
12,651,2135,697.08984,376.4876,287715.7,1346802.4,2.0,1,LOW
12,651,2136,694.1509,376.67395,284505.84,1348807.4,0.0,0,LOW
12,651,2137,692.24994,376.56793,282429.66,1347666.6,0.0,0,LOW
12,651,2138,689.8579,376.5769,279817.12,1347763.1,0.0,0,LOW
12,651,2139,690.5204,376.36172,280540.7,1345447.8,0.0,0,LOW
12,651,2140,690.52783,376.59,280548.8,1347904.0,0.0,0,LOW
12,651,2141,689.27014,376.61612,279175.2,1348185.1,0.0,0,LOW
12,651,2142,687.2424,376.5845,276960.5,1347844.9,0.0,0,LOW
12,651,2143,685.52936,376.63098,275089.6,1348345.0,2.0,1,LOW
12,651,2144,685.8859,376.6663,275479.03,1348725.0,2.0,1,LOW
12,651,2145,687.2588,376.90793,276978.44,1351325.1,0.0,0,LOW
12,651,2146,686.8394,377.26324,276520.4,1355148.4,2.0,1,LOW
12,651,2147,685.8746,376.83304,275466.62,1350519.2,2.0,1,LOW
12,651,2148,687.50543,377.0559,277247.8,1352917.4,2.0,1,LOW
12,651,2149,687.93085,376.7513,277712.44,1349639.9,0.0,0,LOW
12,651,2150,685.56885,376.31122,275132.72,1344904.4,0.0,0,LOW
12,651,2151,683.79816,375.84625,273198.8,1339901.1,0.0,0,LOW
12,651,2152,684.15796,375.397,273591.78,1335067.1,2.0,1,LOW
12,651,2153,684.68756,375.80222,274170.2,1339427.4,0.0,0,LOW
12,651,2154,685.4349,375.7006,274986.4,1338333.9,2.0,1,LOW
12,651,2155,686.4382,375.86017,276082.16,1340050.9,2.0,3,LOW
12,651,2156,687.38904,375.91278,277120.7,1340617.0,0.0,0,LOW
12,651,2157,688.69403,375.89307,278545.97,1340404.9,0.0,0,LOW
12,651,2158,689.7741,375.97226,279725.6,1341257.0,0.0,0,LOW
12,651,2159,690.5153,376.01935,280535.16,1341763.8,0.0,0,LOW
12,651,2160,691.111,376.16797,281185.75,1343362.9,0.0,0,LOW
12,651,2161,691.7634,376.2448,281898.3,1344189.8,2.0,1,LOW
12,651,2162,692.30194,376.31238,282486.47,1344916.8,0.0,0,LOW
12,651,2163,692.9484,376.35822,283192.53,1345410.0,0.0,0,LOW
12,651,2164,693.3645,376.5179,283646.97,1347128.4,0.0,1,LOW
12,651,2165,693.35846,376.2723,283640.38,1344485.6,0.0,0,LOW
12,651,2166,694.0115,376.39813,284353.56,1345839.5,0.0,0,LOW
12,651,2167,694.05524,376.25598,284401.38,1344310.0,0.0,0,LOW
12,651,2168,693.91016,376.00186,284242.9,1341575.6,2.0,1,LOW
12,651,2169,693.7723,375.84683,284092.3,1339907.4,0.0,0,LOW
12,651,2170,693.4392,376.15472,283728.56,1343220.4,0.0,0,LOW
12,651,2171,693.21704,376.44165,283485.9,1346307.8,0.0,0,LOW
12,651,2172,692.8187,376.53665,283050.88,1347330.0,2.0,1,LOW
12,651,2173,692.166,376.66492,282338.0,1348710.2,0.0,0,LOW
12,651,2174,691.4054,376.54733,281507.28,1347445.0,2.0,1,LOW
12,651,2175,691.12885,376.4932,281205.22,1346862.4,0.0,0,LOW
12,651,2176,690.9776,376.44324,281040.03,1346324.9,0.0,0,LOW
12,651,2177,690.6918,376.47833,280727.84,1346702.5,0.0,0,LOW
12,651,2178,690.0065,376.42538,279979.38,1346132.8,0.0,0,LOW
12,651,2179,689.3584,376.39023,279271.56,1345754.5,0.0,0,LOW
12,651,2180,688.6883,376.41312,278539.72,1346000.8,0.0,0,LOW
12,651,2181,688.22266,376.35324,278031.16,1345356.5,0.0,0,LOW
12,651,2182,689.73,376.45245,279677.4,1346424.0,0.0,0,LOW
12,651,2183,689.84906,376.83807,279807.47,1350573.4,2.0,1,LOW
12,651,2184,690.0321,376.55017,280007.4,1347475.5,2.0,1,LOW
12,651,2185,691.0123,376.61728,281077.97,1348197.6,0.0,0,LOW
12,651,2186,690.79266,376.3503,280838.06,1345325.0,0.0,0,LOW
12,651,2187,691.1328,376.4389,281209.56,1346278.2,0.0,0,LOW
12,651,2188,691.83307,376.84256,281974.38,1350621.8,0.0,0,LOW
12,651,2189,692.42633,377.22375,282622.3,1354723.5,0.0,0,LOW
12,651,2190,692.9021,377.48315,283141.94,1357514.6,0.0,0,LOW
12,651,2191,693.73883,377.41388,284055.78,1356769.2,0.0,0,LOW
12,651,2192,694.2254,377.31665,284587.22,1355723.0,2.0,1,LOW
12,651,2193,694.87933,377.21472,285301.4,1354626.2,0.0,0,LOW
12,651,2194,695.0219,377.2129,285457.16,1354606.5,0.0,0,LOW
12,651,2195,695.43854,377.20303,285912.16,1354500.5,2.0,1,LOW
12,651,2196,695.6115,377.36584,286101.1,1356252.4,0.0,0,LOW
12,651,2197,695.0874,377.5525,285528.7,1358260.8,2.0,1,LOW
12,651,2198,694.91125,377.58432,285336.28,1358603.2,2.0,2,LOW
12,651,2199,694.9162,377.78452,285341.7,1360757.4,0.0,0,LOW
12,651,2200,695.6561,378.0586,286149.84,1363706.5,0.0,0,LOW
12,651,2201,695.9338,378.43442,286453.06,1367750.5,0.0,0,LOW
12,651,2202,695.90015,378.1785,286416.34,1364996.8,0.0,0,LOW
12,651,2203,697.015,378.5462,287633.97,1368953.4,0.0,0,LOW
12,651,2204,696.79877,378.84866,287397.78,1372207.9,0.0,0,LOW
12,651,2205,697.07104,378.6178,287695.16,1369723.8,2.0,3,LOW
12,651,2206,696.92035,378.31567,287530.6,1366472.8,0.0,0,LOW
12,651,2207,697.20526,377.93448,287841.75,1362371.0,0.0,0,LOW
12,651,2208,695.5395,377.5464,286022.44,1358195.0,0.0,0,LOW
12,651,2209,694.3249,377.27374,284695.88,1355261.4,0.0,0,LOW
12,651,2210,694.1761,377.21512,284533.34,1354630.5,0.0,0,LOW
12,651,2211,694.13,377.45868,284483.03,1357251.2,0.0,0,LOW
12,651,2212,693.50714,377.56964,283802.75,1358445.2,0.0,0,LOW
12,651,2213,692.8079,377.56552,283039.06,1358400.9,0.0,0,LOW
12,651,2214,692.4642,377.45236,282663.62,1357183.2,0.0,0,LOW
12,651,2215,693.60004,377.5003,283904.2,1357699.2,2.0,1,LOW
12,651,2216,694.7424,377.8338,285151.84,1361287.8,0.0,0,LOW
12,651,2217,694.681,377.56354,285084.84,1358379.6,2.0,1,LOW
12,651,2218,694.6624,377.5156,285064.53,1357863.8,0.0,0,LOW
12,651,2219,694.4197,377.52042,284799.4,1357915.6,0.0,0,LOW
12,651,2220,694.01636,377.50552,284358.9,1357755.4,2.0,1,LOW
12,651,2221,694.2315,377.58676,284593.88,1358629.5,0.0,0,LOW
12,651,2222,694.6973,377.82104,285102.62,1361150.4,0.0,0,LOW
12,651,2223,694.9637,377.8858,285393.56,1361847.2,0.0,0,LOW
12,651,2224,694.482,377.7366,284867.47,1360241.8,0.0,0,LOW
12,651,2225,694.0238,377.47925,284367.03,1357472.6,0.0,0,LOW
12,651,2226,692.4556,377.47318,282654.3,1357407.2,0.0,0,LOW
12,651,2227,691.73737,377.22522,281869.84,1354739.2,0.0,0,LOW
12,651,2228,691.82275,377.28336,281963.1,1355364.8,0.0,0,LOW
12,651,2229,692.89594,377.4987,283135.22,1357681.8,0.0,0,LOW
12,651,2230,693.6294,377.66025,283936.28,1359420.2,0.0,0,LOW
12,651,2231,694.3645,377.64127,284739.16,1359216.0,2.0,1,LOW
12,651,2232,695.00073,377.66895,285434.03,1359513.8,0.0,0,LOW
12,651,2233,695.60455,377.89853,286093.5,1361984.1,0.0,0,LOW
12,651,2234,696.30414,378.15787,286857.56,1364774.8,0.0,0,LOW
12,651,2235,696.3001,377.87476,286853.16,1361728.4,0.0,0,LOW
12,651,2236,695.4886,378.1344,285966.84,1364522.2,0.0,0,LOW
12,651,2237,695.68506,378.05234,286181.44,1363639.2,0.0,0,LOW
12,651,2238,694.3583,377.52533,284732.34,1357968.5,0.0,0,LOW
12,651,2239,692.65295,377.26358,282869.8,1355152.0,0.0,0,LOW
12,651,2240,692.6907,377.19458,282911.0,1354409.5,0.0,0,LOW
12,651,2241,693.04877,377.33917,283302.12,1355965.4,0.0,0,LOW
12,651,2242,693.54144,377.2886,283840.22,1355421.2,2.0,1,LOW
12,651,2243,694.2516,377.38327,284615.8,1356439.9,0.0,0,LOW
12,651,2244,694.9937,377.49084,285426.34,1357597.4,0.0,0,LOW
12,651,2245,695.58,377.61108,286066.7,1358891.2,0.0,0,LOW
12,651,2246,695.69666,377.49973,286194.1,1357693.0,2.0,1,LOW
12,651,2247,695.0589,377.47754,285497.56,1357454.2,0.0,0,LOW
12,651,2248,694.5789,377.55148,284973.3,1358249.9,2.0,1,LOW
12,651,2249,694.8515,377.82782,285271.03,1361223.4,0.0,0,LOW
12,651,2250,695.2873,378.08243,285746.97,1363963.0,2.0,1,LOW
12,651,2251,694.8205,378.2316,285237.16,1365568.1,0.0,0,LOW
12,651,2252,694.9476,378.14468,285375.97,1364632.9,0.0,0,LOW
12,651,2253,695.1528,378.18427,285600.06,1365058.8,0.0,0,LOW
12,651,2254,694.7106,378.10986,285117.12,1364258.2,2.0,1,LOW
12,651,2255,694.7418,377.89163,285151.25,1361910.0,0.0,0,LOW
12,651,2256,695.15234,377.76337,285599.62,1360529.8,0.0,0,LOW
12,651,2257,694.8305,377.6557,285248.1,1359371.2,0.0,0,LOW
12,651,2258,695.10895,377.93246,285552.22,1362349.4,0.0,0,LOW
12,651,2259,696.0025,378.1966,286528.12,1365191.5,0.0,0,LOW
12,651,2260,696.3185,378.3142,286873.22,1366457.0,0.0,0,LOW
12,651,2261,696.7041,378.4414,287294.4,1367825.6,0.0,0,LOW
12,651,2262,697.1624,378.536,287794.97,1368843.6,0.0,0,LOW
12,651,2263,697.4938,378.51306,288156.88,1368596.8,0.0,0,LOW
12,651,2264,697.6019,378.31354,288275.0,1366449.8,0.0,0,LOW
12,651,2265,697.8158,378.24033,288508.56,1365662.0,0.0,0,LOW
12,651,2266,697.88104,378.24988,288579.8,1365764.8,0.0,0,LOW
12,651,2267,697.92505,378.18964,288627.9,1365116.6,0.0,0,LOW
12,651,2268,696.5671,377.82275,287144.75,1361168.9,0.0,0,LOW
12,651,2269,694.9604,377.5452,285389.97,1358182.2,0.0,0,LOW
12,651,2270,693.76465,377.5294,284084.0,1358012.1,0.0,0,LOW
12,651,2271,695.085,377.70343,285526.06,1359884.9,0.0,0,LOW
12,651,2272,696.83453,378.44876,287436.88,1367904.8,0.0,0,LOW
12,651,2273,695.70435,378.08307,286202.5,1363969.9,2.0,1,LOW
12,651,2274,694.23444,377.74347,284597.1,1360315.8,0.0,0,LOW
12,651,2275,693.639,377.68762,283946.75,1359714.8,0.0,0,LOW
12,651,2276,693.402,377.88495,283687.88,1361838.0,2.0,1,LOW
12,651,2277,692.97003,377.964,283216.12,1362688.5,0.0,0,LOW
12,651,2278,692.64874,377.89355,282865.22,1361930.6,0.0,0,LOW
12,651,2279,693.60516,377.7984,283909.8,1360906.8,2.0,1,LOW
12,651,2280,694.6458,378.22028,285046.38,1365446.2,0.0,0,LOW
12,651,2281,694.61536,378.03632,285013.12,1363466.8,0.0,0,LOW
12,651,2282,694.235,377.9419,284597.7,1362450.8,0.0,0,LOW
12,651,2283,694.3168,377.8255,284687.0,1361198.4,0.0,0,LOW
12,651,2284,694.0256,377.87054,284368.97,1361683.0,0.0,0,LOW
12,651,2285,693.4873,377.66357,283781.06,1359456.0,0.0,0,LOW
12,651,2286,693.98016,377.48575,284319.38,1357542.5,0.0,0,LOW
12,651,2287,694.256,377.53574,284620.62,1358080.5,2.0,1,LOW
12,651,2288,694.4443,377.614,284826.28,1358922.8,0.0,0,LOW
12,651,2289,694.8321,377.7471,285249.84,1360354.8,0.0,0,LOW
12,651,2290,695.68085,377.8366,286176.8,1361317.9,0.0,0,LOW
12,651,2291,695.6136,377.56052,286103.38,1358347.1,0.0,0,LOW
12,651,2292,695.2671,377.29507,285724.94,1355490.9,0.0,0,LOW
12,651,2293,694.8301,377.33725,285247.62,1355944.6,0.0,0,LOW
12,651,2294,694.05334,377.40714,284399.3,1356696.6,0.0,0,LOW
12,651,2295,693.61475,377.43317,283920.28,1356976.8,0.0,0,LOW
12,651,2296,693.64075,377.73572,283948.66,1360232.2,0.0,0,LOW
12,651,2297,694.4196,377.89542,284799.34,1361950.8,0.0,0,LOW
12,651,2298,695.4061,378.17743,285876.78,1364985.2,0.0,0,LOW
12,651,2299,695.947,378.12613,286467.53,1364433.2,0.0,0,LOW
12,651,2300,696.62427,378.09036,287207.22,1364048.4,2.0,1,LOW
12,651,2301,696.9847,378.07996,287600.84,1363936.4,2.0,1,LOW
12,651,2302,697.219,378.11392,287856.75,1364301.9,0.0,0,LOW
12,651,2303,697.04645,378.1206,287668.3,1364373.8,0.0,0,LOW
12,651,2304,696.818,378.18842,287418.78,1365103.4,0.0,0,LOW
12,651,2305,696.78503,378.22226,287382.78,1365467.6,0.0,0,LOW
12,651,2306,697.00354,378.40897,287621.44,1367476.6,0.0,0,LOW
12,651,2307,697.7097,378.61328,288392.72,1369675.1,2.0,1,LOW
12,651,2308,697.94946,378.64496,288654.56,1370016.0,0.0,0,LOW
12,651,2309,698.3953,378.5777,289141.5,1369292.2,2.0,4,LOW
12,651,2310,697.8713,379.01187,288569.16,1373964.0,2.0,1,LOW
12,651,2311,696.64404,379.10434,287228.8,1374959.0,2.0,1,LOW
12,651,2312,695.8507,378.7307,286362.34,1370938.6,2.0,3,LOW
12,651,2313,694.74524,378.43005,285154.97,1367703.5,0.0,0,LOW
12,651,2314,694.28503,378.4491,284652.34,1367908.4,0.0,0,LOW
12,651,2315,695.0216,378.46265,285456.8,1368054.2,0.0,0,LOW
12,651,2316,695.7128,378.47653,286211.75,1368203.6,0.0,0,LOW
12,651,2317,696.198,378.14688,286741.62,1364656.5,0.0,0,LOW
12,651,2318,696.2986,377.7633,286851.5,1360529.1,0.0,0,LOW
12,651,2319,696.4132,377.4622,286976.7,1357289.0,0.0,0,LOW
12,651,2320,696.40796,377.3564,286970.97,1356150.9,0.0,0,LOW
12,651,2321,696.19366,377.42096,286736.9,1356845.4,2.0,3,LOW
12,651,2322,696.28815,377.41562,286840.1,1356788.0,2.0,1,LOW
12,651,2323,696.413,377.5063,286976.5,1357763.5,0.0,0,LOW
12,651,2324,696.4327,377.60895,286997.97,1358868.2,0.0,0,LOW
12,651,2325,695.73804,377.68106,286239.28,1359644.1,0.0,0,LOW
12,651,2326,695.6607,377.57156,286154.84,1358466.0,0.0,0,LOW
12,651,2327,696.00946,377.7902,286535.72,1360818.5,0.0,0,LOW
12,651,2328,696.3221,377.95358,286877.16,1362576.6,0.0,0,LOW
12,651,2329,696.3984,377.97336,286960.5,1362789.4,0.0,0,LOW
12,651,2330,696.53937,377.86438,287114.47,1361616.8,0.0,0,LOW
12,651,2331,696.89606,377.80923,287504.06,1361023.4,0.0,0,LOW
12,651,2332,696.822,377.80963,287423.2,1361027.6,0.0,0,LOW
12,651,2333,696.83185,377.72128,287433.94,1360077.0,0.0,0,LOW
12,651,2334,696.7006,377.59207,287290.6,1358686.6,0.0,0,LOW
12,651,2335,696.74506,377.40793,287339.12,1356705.2,0.0,0,LOW
12,651,2336,696.895,377.27652,287502.9,1355291.2,0.0,0,LOW
12,651,2337,697.0555,377.18808,287678.16,1354339.6,0.0,0,LOW
12,651,2338,697.1158,377.17136,287744.03,1354159.6,0.0,0,LOW
12,651,2339,697.4506,377.09863,288109.72,1353377.1,0.0,0,LOW
12,651,2340,697.98987,377.11758,288698.7,1353581.0,0.0,0,LOW
12,651,2341,697.99396,377.12616,288703.16,1353673.2,0.0,0,LOW
12,651,2342,697.87744,377.03906,288575.9,1352736.1,0.0,0,LOW
12,651,2343,695.86926,377.17953,286382.6,1354247.6,0.0,0,LOW
12,651,2344,695.2093,376.92654,285661.8,1351525.4,0.0,0,LOW
12,651,2345,694.7694,377.1386,285181.38,1353807.2,0.0,0,LOW
12,651,2346,693.6069,377.10425,283911.7,1353437.5,0.0,0,LOW
12,651,2347,693.45715,377.05356,283748.16,1352892.1,0.0,0,LOW
12,651,2348,692.7433,377.09573,282968.5,1353345.9,0.0,0,LOW
12,651,2349,692.9812,377.044,283228.3,1352789.2,0.0,0,LOW
12,651,2350,692.9451,377.24634,283188.94,1354966.5,0.0,0,LOW
12,651,2351,692.4943,377.1522,282696.56,1353953.4,0.0,0,LOW
12,651,2352,693.59155,376.94635,283894.94,1351738.5,0.0,0,LOW
12,651,2353,694.9406,377.32297,285368.34,1355791.0,0.0,0,LOW
12,651,2354,695.2067,377.22638,285659.0,1354751.6,2.0,1,LOW
12,651,2355,695.5757,377.07507,286061.97,1353123.6,2.0,1,LOW
12,651,2356,696.0867,377.04382,286620.06,1352787.4,2.0,3,LOW
12,651,2357,696.3631,377.03418,286921.97,1352683.6,2.0,6,LOW
12,651,2358,696.7802,377.0551,287377.53,1352908.9,0.0,0,LOW
12,651,2359,697.11786,377.05228,287746.28,1352878.2,0.0,0,LOW
12,651,2360,695.7518,376.84937,286254.28,1350694.9,0.0,0,LOW
12,651,2361,694.44275,376.48575,284824.6,1346782.2,2.0,1,LOW
12,651,2362,694.2078,376.2302,284568.03,1344032.5,0.0,0,LOW
12,651,2363,694.5661,376.34967,284959.3,1345318.1,0.0,0,LOW
12,651,2364,694.6866,376.39548,285090.9,1345811.0,0.0,0,LOW
12,651,2365,695.4162,376.44678,285887.78,1346363.0,2.0,1,LOW
12,651,2366,696.67535,376.72064,287263.0,1349309.9,0.0,0,LOW
12,651,2367,697.5501,377.3478,288218.38,1356058.2,2.0,1,LOW
12,651,2368,699.32477,377.8457,290156.62,1361415.8,0.0,0,LOW
12,651,2369,701.29474,378.5493,292308.2,1368986.5,0.0,0,LOW
12,651,2370,703.7774,379.00137,295019.72,1373851.0,6.0,1,HIGH
12,651,2371,705.9017,379.18396,297339.78,1375815.8,2.0,1,LOW
12,651,2372,707.7128,379.05234,299317.9,1374399.5,0.0,0,LOW
12,651,2373,708.07556,378.8624,299714.06,1372355.6,0.0,0,LOW
12,651,2374,707.8211,378.5611,299436.16,1369113.6,0.0,0,LOW
12,651,2375,707.7688,378.37503,299379.03,1367111.5,2.0,1,LOW
12,651,2376,707.7657,378.30017,299375.62,1366306.0,0.0,0,LOW
12,651,2377,707.9401,378.2389,299566.16,1365646.6,0.0,0,LOW
12,651,2378,708.1174,378.22614,299759.72,1365509.2,0.0,0,LOW
12,651,2379,707.6907,378.31393,299293.7,1366454.0,0.0,0,LOW
12,651,2380,707.6524,378.4631,299251.9,1368059.1,2.0,1,LOW
12,651,2381,707.59186,378.71115,299185.78,1370728.2,0.0,0,LOW
12,651,2382,707.62225,379.042,299218.97,1374288.1,0.0,0,LOW
12,651,2383,707.38995,379.37302,298965.25,1377850.0,0.0,0,LOW
12,651,2384,706.9178,379.5276,298449.56,1379513.2,0.0,0,LOW
12,651,2385,703.9945,379.6475,295256.8,1380803.5,0.0,0,LOW
12,651,2386,702.3602,379.59314,293471.9,1380218.6,2.0,2,LOW
12,651,2387,701.7996,379.50305,292859.62,1379249.2,0.0,0,LOW
12,651,2388,701.42737,379.4132,292453.06,1378282.5,0.0,0,LOW
12,651,2389,701.3604,379.28058,292379.94,1376855.4,0.0,0,LOW
12,651,2390,702.15814,379.09357,293251.2,1374843.1,2.0,1,LOW
12,651,2391,702.6624,379.35794,293801.94,1377687.8,0.0,0,LOW
12,651,2392,703.52216,379.4235,294740.94,1378393.1,0.0,0,LOW
12,651,2393,704.65967,379.61298,295983.28,1380432.0,0.0,0,LOW
12,651,2394,705.2,379.6997,296573.47,1381365.2,0.0,0,LOW
12,651,2395,705.8161,379.5802,297246.3,1380079.4,0.0,0,LOW
12,651,2396,706.7234,379.44827,298237.25,1378659.8,2.0,1,LOW
12,651,2397,707.5655,379.21463,299156.97,1376145.8,0.0,0,LOW
12,651,2398,707.9751,379.03244,299604.34,1374185.4,0.0,0,LOW
12,651,2399,708.0623,379.0524,299699.6,1374400.1,0.0,0,LOW
12,651,2400,707.9386,378.93134,299564.47,1373097.4,0.0,0,LOW
12,651,2401,707.7862,378.79413,299398.03,1371621.0,2.0,1,LOW
12,651,2402,707.8206,378.71103,299435.62,1370726.9,0.0,0,LOW
12,651,2403,707.8189,378.6808,299433.75,1370401.5,0.0,0,LOW
12,651,2404,707.8723,378.6796,299492.1,1370388.6,2.0,1,LOW
12,651,2405,708.24603,378.66498,299900.25,1370231.4,0.0,0,LOW
12,651,2406,707.71075,378.7773,299315.62,1371440.1,2.0,1,LOW
12,651,2407,707.39557,378.62558,298971.38,1369807.4,2.0,3,LOW
12,651,2408,708.37744,378.7629,300043.78,1371285.1,0.0,0,LOW
12,651,2409,709.22986,379.06836,300974.75,1374571.9,0.0,0,LOW
12,651,2410,709.37463,379.18848,301132.88,1375864.4,2.0,1,LOW
12,651,2411,710.0715,379.15936,301893.97,1375551.0,2.0,1,LOW
12,651,2412,710.628,379.2146,302501.78,1376145.4,0.0,0,LOW
12,651,2413,710.7417,379.1774,302625.97,1375745.1,0.0,0,LOW
12,651,2414,711.138,378.84973,303058.78,1372219.4,0.0,0,LOW
12,651,2415,710.9192,378.70276,302819.8,1370637.9,0.0,0,LOW
12,651,2416,709.077,378.77615,300807.84,1371427.6,0.0,0,LOW
12,651,2417,709.48444,378.68024,301252.8,1370395.5,0.0,0,LOW
12,651,2418,709.981,378.4036,301795.16,1367418.8,0.0,0,LOW
12,651,2419,709.61255,378.02646,301392.72,1363360.8,2.0,1,LOW
12,651,2420,709.7105,377.91635,301499.72,1362176.0,0.0,0,LOW
12,651,2421,710.2638,378.04666,302104.0,1363578.1,2.0,1,LOW
12,651,2422,710.52313,378.1449,302387.25,1364635.1,0.0,0,LOW
12,651,2423,710.7989,378.19754,302688.4,1365201.6,2.0,1,LOW
12,651,2424,711.48645,378.27884,303439.34,1366076.4,0.0,0,LOW
12,651,2425,711.82947,378.52457,303814.0,1368720.5,0.0,0,LOW
12,651,2426,712.7025,378.81268,304767.5,1371820.8,0.0,0,LOW
12,651,2427,713.2496,378.94147,305365.0,1373206.5,0.0,0,LOW
12,651,2428,713.7926,378.8994,305958.1,1372754.0,0.0,0,LOW
12,651,2429,714.2197,378.9212,306424.6,1372988.4,0.0,0,LOW
12,651,2430,714.78253,378.8459,307039.25,1372178.0,2.0,2,LOW
12,651,2431,715.25104,378.5694,307550.97,1369202.9,2.0,1,LOW
12,651,2432,715.8413,378.099,308195.62,1364141.2,0.0,0,LOW
12,651,2433,715.92175,377.93414,308283.5,1362367.4,2.0,2,LOW
12,651,2434,715.74536,377.9088,308090.84,1362094.9,2.0,1,LOW
12,651,2435,715.466,377.8751,307785.75,1361732.0,0.0,0,LOW
12,651,2436,715.521,377.7164,307845.8,1360024.4,2.0,1,LOW
12,651,2437,714.0848,378.13843,306277.2,1364565.5,0.0,0,LOW
12,651,2438,712.5154,379.23434,304563.12,1376357.9,0.0,0,LOW
12,651,2439,713.61646,379.60388,305765.7,1380334.2,0.0,0,LOW
12,651,2440,714.84357,379.45425,307105.94,1378724.1,0.0,0,LOW
12,651,2441,715.4688,379.38956,307788.8,1378028.0,0.0,0,LOW
12,651,2442,716.25073,379.18484,308642.8,1375825.2,0.0,0,LOW
12,651,2443,717.3929,379.07,309890.25,1374589.6,2.0,1,LOW
12,651,2444,718.4534,378.95578,311048.53,1373360.5,0.0,0,LOW
12,651,2445,718.9976,378.9237,311642.88,1373015.4,2.0,1,LOW
12,651,2446,718.043,379.12073,310600.3,1375135.4,2.0,1,LOW
12,651,2447,717.9525,379.02316,310501.44,1374085.5,0.0,0,LOW
12,651,2448,718.9486,379.0911,311589.34,1374816.5,0.0,0,LOW
12,651,2449,719.23413,379.53973,311901.22,1379644.0,0.0,0,LOW
12,651,2450,719.7184,379.59232,312430.1,1380209.8,0.0,0,LOW
12,651,2451,720.3338,379.57294,313102.25,1380001.2,0.0,0,LOW
12,651,2452,720.83264,379.66922,313647.06,1381037.2,0.0,0,LOW
12,651,2453,721.4245,379.5284,314293.5,1379522.1,0.0,0,LOW
12,651,2454,722.01697,378.99466,314940.56,1373778.9,2.0,1,LOW
12,651,2455,722.1164,378.4046,315049.16,1367429.6,0.0,0,LOW
12,651,2456,722.12665,378.0147,315060.34,1363234.2,0.0,0,LOW
12,651,2457,721.9273,377.86414,314842.62,1361614.1,2.0,2,LOW
12,651,2458,722.18536,377.61243,315124.47,1358905.6,0.0,0,LOW
12,651,2459,722.81287,377.6934,315809.8,1359776.9,2.0,1,LOW
12,651,2460,723.1224,377.85507,316147.88,1361516.6,2.0,1,LOW
12,651,2461,722.9456,377.8801,315954.8,1361785.9,0.0,0,LOW
12,651,2462,721.9281,378.08804,314843.5,1364023.4,2.0,1,LOW
12,651,2463,721.3413,378.65594,314202.62,1370134.1,2.0,1,LOW
12,651,2464,721.7738,379.03192,314675.0,1374179.8,2.0,1,LOW
12,651,2465,722.70465,379.21854,315691.62,1376187.8,0.0,0,LOW
12,651,2466,724.0504,379.28836,317161.44,1376939.1,0.0,0,LOW
12,651,2467,724.72003,379.18494,317892.78,1375826.2,0.0,0,LOW
12,651,2468,725.31384,379.05164,318541.34,1374391.9,0.0,0,LOW
12,651,2469,725.8144,378.96948,319088.03,1373507.9,0.0,0,LOW
12,651,2470,726.41473,378.87613,319743.72,1372503.4,2.0,1,LOW
12,651,2471,726.946,378.85376,320323.94,1372262.8,0.0,0,LOW
12,651,2472,727.5304,378.82242,320962.2,1371925.5,0.0,0,LOW
12,651,2473,727.7544,378.83295,321206.88,1372038.8,0.0,0,LOW
12,651,2474,727.99713,378.72665,321471.97,1370895.0,0.0,0,LOW
12,651,2475,728.68304,378.5237,322221.12,1368711.2,2.0,1,LOW
12,651,2476,728.78723,378.50436,322334.88,1368503.1,2.0,3,LOW
12,651,2477,728.90894,378.54068,322467.8,1368893.9,2.0,1,LOW
12,651,2478,728.9919,378.4994,322558.4,1368449.6,0.0,0,LOW
12,651,2479,728.76074,378.44846,322305.97,1367901.5,2.0,1,LOW
12,651,2480,728.6895,378.41666,322228.16,1367559.4,0.0,0,LOW
12,651,2481,729.3776,378.81046,322979.72,1371796.8,0.0,0,LOW
12,651,2482,728.48865,378.82614,322008.78,1371965.5,2.0,2,LOW
12,651,2483,728.4694,378.37546,321987.8,1367116.0,0.0,0,LOW
12,651,2484,729.8027,378.64673,323443.94,1370035.0,0.0,0,LOW
12,651,2485,729.98584,378.58908,323644.0,1369414.8,2.0,1,LOW
12,651,2486,730.1869,378.53906,323863.56,1368876.5,0.0,0,LOW
12,651,2487,730.54364,378.40018,324253.22,1367382.0,2.0,1,LOW
12,651,2488,730.7812,378.18555,324512.66,1365072.5,0.0,0,LOW
12,651,2489,729.5269,377.86325,323142.75,1361604.6,2.0,1,LOW
12,651,2490,727.97595,377.5476,321448.84,1358208.1,0.0,0,LOW
12,651,2491,727.6441,377.4702,321086.4,1357375.4,0.0,0,LOW
12,651,2492,727.04926,377.85425,320436.72,1361507.8,2.0,3,LOW
12,651,2493,726.4042,377.77716,319732.2,1360678.2,0.0,0,LOW
12,651,2494,726.558,377.8328,319900.16,1361276.9,0.0,0,LOW
12,651,2495,726.59045,378.0428,319935.62,1363536.4,0.0,0,LOW
12,651,2496,727.06995,378.06238,320459.3,1363747.2,0.0,0,LOW
12,651,2497,727.3456,378.17474,320760.38,1364956.4,0.0,0,LOW
12,651,2498,727.4234,378.29318,320845.34,1366230.8,2.0,1,LOW
12,651,2499,727.33075,378.41205,320744.16,1367509.8,2.0,1,LOW
12,651,2500,727.5081,378.31976,320937.88,1366516.8,2.0,1,LOW
12,651,2501,727.52454,378.32895,320955.8,1366615.6,0.0,0,LOW
12,651,2502,728.23804,378.58282,321735.1,1369347.4,0.0,0,LOW
12,651,2503,728.37366,378.46826,321883.2,1368114.6,2.0,1,LOW
12,651,2504,728.6947,378.2249,322233.84,1365496.1,2.0,1,LOW
12,651,2505,728.9555,378.17487,322518.7,1364957.6,0.0,0,LOW
12,651,2506,729.17694,378.0426,322760.53,1363534.5,0.0,0,LOW
12,651,2507,727.8598,377.74976,321321.97,1360383.4,0.0,0,LOW
12,651,2508,727.37555,377.35333,320793.1,1356117.8,0.0,0,LOW
12,651,2509,728.27954,377.68564,321780.4,1359693.4,0.0,0,LOW
12,651,2510,727.73413,377.5509,321184.72,1358243.6,0.0,0,LOW
12,651,2511,727.4757,377.3641,320902.47,1356233.6,0.0,0,LOW
12,651,2512,727.35284,377.6468,320768.28,1359275.4,0.0,0,LOW
12,651,2513,727.39874,377.6767,320818.4,1359597.2,0.0,0,LOW
12,651,2514,726.74585,377.83197,320105.34,1361268.0,0.0,0,LOW
12,651,2515,726.1123,377.74896,319413.4,1360374.8,0.0,0,LOW
12,651,2516,725.8311,377.73938,319106.28,1360271.8,0.0,0,LOW
12,651,2517,725.3945,377.74026,318629.4,1360281.2,2.0,1,LOW
12,651,2518,725.36383,377.69238,318595.94,1359766.0,2.0,1,LOW
12,651,2519,725.1891,377.94003,318405.1,1362430.8,0.0,0,LOW
12,651,2520,724.7045,377.92682,317875.88,1362288.6,2.0,1,LOW
12,651,2521,724.86725,378.0173,318053.6,1363262.2,2.0,1,LOW
12,651,2522,724.98694,378.0012,318184.3,1363088.9,2.0,1,LOW
12,651,2523,725.14166,378.07108,318353.28,1363840.9,0.0,0,LOW
12,651,2524,725.8016,378.09995,319074.03,1364151.5,0.0,0,LOW
12,651,2525,726.5175,378.35107,319855.97,1366853.6,0.0,0,LOW
12,651,2526,727.3168,378.3518,320728.88,1366861.5,2.0,1,LOW
12,651,2527,727.86615,378.56573,321328.9,1369163.5,2.0,2,LOW
12,651,2528,727.8604,378.2553,321322.66,1365823.2,0.0,0,LOW
12,651,2529,728.50024,378.06747,322021.44,1363802.1,0.0,0,LOW
12,651,2530,729.4359,377.8399,323043.38,1361353.4,2.0,1,LOW
12,651,2531,729.88586,377.5999,323534.78,1358771.0,2.0,2,LOW
12,651,2532,730.3859,377.2898,324080.94,1355434.0,0.0,0,LOW
12,651,2533,731.1561,377.0262,324922.16,1352597.9,0.0,0,LOW
12,651,2534,731.8485,377.15372,325678.38,1353969.9,0.0,0,LOW
12,651,2535,732.39996,377.28412,326280.66,1355373.0,2.0,1,LOW
12,651,2536,730.3423,378.27106,324033.28,1365992.6,0.0,0,LOW
12,651,2537,730.05634,378.78766,323721.0,1371551.4,0.0,0,LOW
12,651,2538,728.25775,379.1449,321756.6,1375395.4,0.0,0,LOW
12,651,2539,725.2883,379.09308,318513.47,1374837.9,2.0,2,LOW
12,651,2540,723.76337,378.85144,316847.94,1372237.8,0.0,0,LOW
12,651,2541,725.4349,378.61615,318673.53,1369706.0,2.0,1,LOW
12,651,2542,727.6043,379.32983,321042.94,1377385.4,0.0,0,LOW
12,651,2543,728.2636,379.47128,321763.0,1378907.4,0.0,0,LOW
12,651,2544,727.76245,379.3531,321215.66,1377635.6,0.0,0,LOW
12,651,2545,727.3902,379.1242,320809.1,1375172.8,0.0,0,LOW
12,651,2546,728.12024,378.54123,321606.44,1368899.8,2.0,2,LOW
12,651,2547,728.645,378.52676,322179.6,1368744.1,0.0,0,LOW
12,651,2548,729.2138,378.68542,322800.78,1370451.4,2.0,1,LOW
12,651,2549,729.6212,378.66263,323245.75,1370206.1,0.0,0,LOW
12,651,2550,729.2898,378.70267,322883.78,1370636.9,2.0,1,LOW
12,651,2551,729.2623,378.31882,322853.78,1366506.6,2.0,1,LOW
12,651,2552,728.5983,378.01666,322128.6,1363255.4,2.0,1,LOW
12,651,2553,728.4923,377.93375,322012.78,1362363.1,2.0,1,LOW
12,651,2554,728.444,378.24283,321960.0,1365688.9,2.0,1,LOW
12,651,2555,728.7236,378.42715,322265.38,1367672.4,2.0,1,LOW
12,651,2556,728.98724,378.3777,322553.34,1367140.0,0.0,0,LOW
12,651,2557,729.4689,378.30118,323079.38,1366316.8,2.0,1,LOW
12,651,2558,729.80634,378.4517,323447.94,1367936.4,0.0,0,LOW
12,651,2559,730.75476,377.81482,324483.78,1361083.5,0.0,0,LOW
12,651,2560,731.6565,377.1985,325468.66,1354451.5,0.0,0,LOW
12,651,2561,731.9956,376.54626,325839.0,1347433.5,0.0,0,LOW
12,651,2562,732.10315,376.43573,325956.47,1346244.1,0.0,0,LOW
12,651,2563,732.7984,376.3469,326715.8,1345288.2,0.0,0,LOW
12,651,2564,733.84625,376.03116,327860.25,1341890.8,0.0,0,LOW
12,651,2565,734.0276,375.89136,328058.3,1340386.5,0.0,0,LOW
12,651,2566,734.9336,375.99994,329047.8,1341554.9,0.0,0,LOW
12,651,2567,736.18976,376.35568,330419.78,1345382.8,0.0,0,LOW
12,651,2568,737.30945,377.08005,331642.7,1353177.1,0.0,0,LOW
12,651,2569,738.7734,377.2717,333241.53,1355239.4,0.0,0,LOW
12,651,2570,740.99365,377.60245,335666.47,1358798.2,0.0,0,LOW
12,651,2571,742.79913,378.4119,337638.4,1367508.1,2.0,1,LOW
12,651,2572,743.43933,378.59406,338337.6,1369468.2,0.0,0,LOW
12,651,2573,743.8938,378.4736,338833.97,1368172.1,0.0,0,LOW
12,651,2574,744.30396,378.40656,339281.9,1367450.6,0.0,0,LOW
12,651,2575,743.6329,378.4414,338548.97,1367825.6,0.0,0,LOW
12,651,2576,743.2455,378.32544,338125.88,1366577.9,2.0,1,LOW
12,651,2577,744.0245,378.088,338976.7,1364023.1,0.0,0,LOW
12,651,2578,742.0378,378.1853,336806.88,1365069.9,0.0,0,LOW
12,651,2579,736.28754,378.10336,330526.56,1364188.2,0.0,0,LOW
12,651,2580,733.5901,378.4152,327580.47,1367543.6,0.0,0,LOW
12,651,2581,733.4455,377.98334,327422.56,1362896.8,0.0,0,LOW
12,651,2582,734.9145,377.51892,329026.94,1357899.5,0.0,0,LOW
12,651,2583,736.59515,377.5119,330862.53,1357824.0,2.0,2,LOW
12,651,2584,736.35925,377.93475,330604.88,1362374.0,2.0,1,LOW
12,651,2585,734.82574,377.59885,328930.03,1358759.5,2.0,1,LOW
12,651,2586,734.471,377.47772,328542.6,1357456.2,0.0,0,LOW
12,651,2587,735.03827,377.76328,329162.16,1360528.9,0.0,0,LOW
12,651,2588,734.6989,377.26425,328791.5,1355159.2,0.0,0,LOW
12,651,2589,734.9435,377.29718,329058.62,1355513.5,2.0,1,LOW
12,651,2590,735.29614,377.33432,329443.78,1355913.1,0.0,0,LOW
12,651,2591,735.5694,377.5202,329742.22,1357913.2,0.0,0,LOW
12,651,2592,735.5878,377.4565,329762.38,1357228.0,2.0,1,LOW
12,651,2593,735.86145,377.53375,330061.22,1358059.1,2.0,1,LOW
12,651,2594,735.89294,377.40753,330095.6,1356700.9,0.0,0,LOW
12,651,2595,735.89246,377.2805,330095.06,1355333.9,0.0,0,LOW
12,651,2596,735.8494,377.10962,330048.06,1353495.2,0.0,0,LOW
12,651,2597,735.5641,376.9535,329736.44,1351815.4,2.0,1,LOW
12,651,2598,735.7784,376.94934,329970.47,1351770.6,2.0,1,LOW
12,651,2599,736.15356,376.7238,330380.25,1349343.6,0.0,0,LOW
12,651,2600,736.5869,376.52206,330853.53,1347173.1,0.0,0,LOW
12,651,2601,736.72736,376.76108,331006.94,1349744.9,0.0,0,LOW
12,651,2602,737.14874,376.74982,331467.16,1349623.8,0.0,0,LOW
12,651,2603,737.06506,376.39502,331375.78,1345806.0,0.0,0,LOW
12,651,2604,736.91077,375.9753,331207.25,1341289.9,0.0,0,LOW
12,651,2605,737.3243,375.96594,331658.88,1341189.1,0.0,0,LOW
12,651,2606,737.34784,375.483,331684.6,1335992.5,0.0,0,LOW
12,651,2607,737.32684,375.54163,331661.7,1336623.4,0.0,0,LOW
12,651,2608,737.2622,375.61694,331591.06,1337433.8,0.0,0,LOW
12,651,2609,736.98035,375.8972,331283.25,1340449.2,0.0,0,LOW
12,651,2610,736.56256,376.41534,330826.94,1346024.8,0.0,0,LOW
12,651,2611,737.1406,377.29865,331458.3,1355529.2,2.0,1,LOW
12,651,2612,738.6131,377.39383,333066.5,1356553.5,0.0,0,LOW
12,651,2613,739.40814,377.294,333934.8,1355479.4,0.0,0,LOW
12,651,2614,740.3161,377.15698,334926.47,1354005.0,0.0,0,LOW
12,651,2615,740.5802,377.1373,335214.94,1353793.1,0.0,0,LOW
12,651,2616,741.18555,377.06665,335876.06,1353033.0,0.0,0,LOW
12,651,2617,741.6258,377.26373,336356.9,1355153.6,0.0,0,LOW
12,651,2618,741.95233,377.44662,336713.53,1357121.6,0.0,0,LOW
12,651,2619,742.3169,377.53326,337111.7,1358053.9,2.0,1,LOW
12,651,2620,742.2291,377.7038,337015.84,1359888.8,0.0,0,LOW
12,651,2621,742.24695,377.57578,337035.3,1358511.2,2.0,2,LOW
12,651,2622,741.2724,377.71783,335970.94,1360039.9,0.0,0,LOW
12,651,2623,740.8664,377.7038,335527.5,1359888.8,2.0,1,LOW
12,651,2624,739.49194,378.11322,334026.34,1364294.2,0.0,0,LOW
12,651,2625,739.6338,378.2069,334181.28,1365302.4,0.0,0,LOW
12,651,2626,740.0025,378.34897,334583.97,1366831.0,0.0,0,LOW
12,651,2627,738.80664,378.48862,333277.88,1368333.6,2.0,1,LOW
12,651,2628,738.67395,378.43256,333132.97,1367730.5,0.0,0,LOW
12,651,2629,740.42944,379.1976,335050.28,1375962.5,2.0,2,LOW
12,651,2630,741.4343,379.07108,336147.78,1374601.1,2.0,1,LOW
12,651,2631,742.0981,378.59607,336872.72,1369489.9,0.0,0,LOW
12,651,2632,742.2353,378.48865,337022.56,1368334.0,0.0,0,LOW
12,651,2633,742.58417,378.33264,337403.62,1366655.4,0.0,0,LOW
12,651,2634,742.5804,378.24945,337399.47,1365760.1,0.0,0,LOW
12,651,2635,742.38934,378.08795,337190.8,1364022.4,0.0,0,LOW
12,651,2636,742.1099,377.96216,336885.66,1362668.9,0.0,0,LOW
12,651,2637,742.24023,377.98392,337027.97,1362903.0,2.0,1,LOW
12,651,2638,742.61255,378.07132,337434.62,1363843.5,0.0,0,LOW
12,651,2639,743.1321,378.26337,338002.03,1365909.9,2.0,2,LOW
12,651,2640,744.3056,378.44342,339283.72,1367847.4,0.0,0,LOW
12,651,2641,744.658,378.63315,339668.62,1369888.9,2.0,1,LOW
12,651,2642,744.4639,378.60483,339456.66,1369584.1,2.0,2,LOW
12,651,2643,744.7607,378.69232,339780.75,1370525.6,0.0,0,LOW
12,651,2644,745.3825,379.04706,340459.9,1374342.6,0.0,0,LOW
12,651,2645,745.9226,379.2485,341049.78,1376510.2,0.0,0,LOW
12,651,2646,746.05225,379.38382,341191.38,1377966.2,2.0,1,LOW
12,651,2647,746.1872,379.5609,341338.75,1379871.9,0.0,0,LOW
12,651,2648,745.6185,379.48746,340717.7,1379081.5,0.0,0,LOW
12,651,2649,745.6574,379.30872,340760.12,1377158.1,2.0,1,LOW
12,651,2650,745.2782,379.442,340345.97,1378592.1,0.0,0,LOW
12,651,2651,745.5506,379.32428,340643.47,1377325.6,2.0,1,LOW
12,651,2652,744.8801,379.50357,339911.22,1379254.9,0.0,0,LOW
12,651,2653,744.1934,379.18567,339161.2,1375834.1,0.0,0,LOW
12,651,2654,743.5197,379.20972,338425.4,1376092.9,2.0,1,LOW
12,651,2655,742.85077,379.205,337694.78,1376042.0,0.0,0,LOW
12,651,2656,742.3694,379.23846,337169.03,1376402.2,0.0,0,LOW
12,651,2657,742.0385,379.2401,336807.66,1376420.0,0.0,0,LOW
12,651,2658,741.6103,379.3673,336339.97,1377788.6,0.0,0,LOW
12,651,2659,741.002,379.4627,335675.62,1378815.1,0.0,0,LOW
12,651,2660,739.43427,379.4919,333963.34,1379129.4,0.0,0,LOW
12,651,2661,738.89404,379.40118,333373.34,1378153.1,0.0,0,LOW
12,651,2662,739.27606,379.39642,333790.56,1378101.9,0.0,0,LOW
12,651,2663,740.5616,380.05304,335194.6,1385167.2,0.0,0,LOW
12,651,2664,740.84314,379.94092,335502.1,1383960.8,2.0,3,LOW
12,651,2665,741.21826,379.7316,335911.78,1381708.5,0.0,0,LOW
12,651,2666,740.2119,379.2127,334812.7,1376125.1,2.0,2,LOW
12,651,2667,738.826,378.8018,333299.0,1371703.5,0.0,0,LOW
12,651,2668,738.2181,378.83618,332635.06,1372073.5,0.0,0,LOW
12,651,2669,738.23193,379.04932,332650.2,1374367.0,0.0,0,LOW
12,651,2670,738.14197,379.13504,332551.94,1375289.4,0.0,0,LOW
12,651,2671,737.4314,378.99396,331775.88,1373771.2,0.0,0,LOW
12,651,2672,737.5972,379.0066,331957.0,1373907.2,0.0,0,LOW
12,651,2673,737.7965,378.97348,332174.62,1373550.9,0.0,0,LOW
12,651,2674,737.9098,379.24307,332298.34,1376451.8,0.0,0,LOW
12,651,2675,738.2616,379.34216,332682.6,1377518.0,0.0,0,LOW
12,651,2676,738.91626,379.35648,333397.6,1377672.0,0.0,0,LOW
12,651,2677,739.7171,379.6121,334272.25,1380422.5,2.0,1,LOW
12,651,2678,740.4783,379.6189,335103.6,1380495.8,0.0,0,LOW
12,651,2679,740.828,379.7705,335485.56,1382127.1,2.0,2,LOW
12,651,2680,741.3659,379.81253,336073.06,1382579.2,0.0,0,LOW
12,651,2681,741.85144,380.08276,336603.34,1385487.1,0.0,0,LOW
12,651,2682,742.0691,379.95023,336841.06,1384061.0,0.0,0,LOW
12,651,2683,742.03455,379.9694,336803.3,1384267.1,2.0,1,LOW
12,651,2684,742.3513,379.75293,337149.3,1381938.0,0.0,0,LOW
12,651,2685,742.03107,379.3334,336799.53,1377423.8,2.0,1,LOW
12,651,2686,741.81,379.4391,336558.1,1378561.0,0.0,0,LOW
12,651,2687,740.7107,379.15192,335357.44,1375471.0,2.0,1,LOW
12,651,2688,739.54016,378.717,334079.0,1370791.2,0.0,0,LOW
12,651,2689,739.18506,378.661,333691.16,1370188.6,2.0,1,LOW
12,651,2690,739.1448,378.8187,333647.2,1371885.4,0.0,0,LOW
12,651,2691,739.4426,379.24945,333972.5,1376520.4,0.0,0,LOW
12,651,2692,740.42255,379.42294,335042.75,1378387.2,0.0,0,LOW
12,651,2693,741.4274,379.58536,336140.25,1380134.9,0.0,0,LOW
12,651,2694,742.7868,379.59296,337624.94,1380216.6,0.0,0,LOW
12,651,2695,743.4321,379.71655,338329.72,1381546.6,0.0,0,LOW
12,651,2696,743.6616,379.73532,338580.38,1381748.5,0.0,0,LOW
12,651,2697,743.5214,379.69656,338427.25,1381331.5,0.0,0,LOW
12,651,2698,743.1292,379.5829,337998.9,1380108.2,2.0,1,LOW
12,651,2699,743.31287,379.66202,338199.5,1380959.8,0.0,0,LOW
12,651,2700,743.65454,379.75577,338572.66,1381968.5,0.0,0,LOW
12,651,2701,743.6857,379.56003,338606.72,1379862.4,0.0,0,LOW
12,651,2702,743.8264,379.54047,338760.38,1379651.9,0.0,0,LOW
12,651,2703,743.99963,379.46652,338949.56,1378856.1,0.0,0,LOW
12,651,2704,742.64795,379.27335,337473.25,1376777.5,0.0,0,LOW
12,651,2705,741.34106,378.79642,336045.9,1371645.6,0.0,0,LOW
12,651,2706,740.4555,378.51913,335078.72,1368662.0,0.0,0,LOW
12,651,2707,740.37775,378.67838,334993.8,1370375.5,0.0,0,LOW
12,651,2708,740.1663,378.8239,334762.9,1371941.5,0.0,0,LOW
12,651,2709,741.0637,378.76135,335743.0,1371268.4,0.0,0,LOW
12,651,2710,742.53625,379.3933,337351.28,1378068.4,2.0,1,LOW
12,651,2711,743.31915,379.3906,338206.34,1378039.1,0.0,0,LOW
12,651,2712,743.72437,379.24048,338648.9,1376423.9,2.0,1,LOW
12,651,2713,742.09125,379.07306,336865.25,1374622.4,2.0,1,LOW
12,651,2714,740.6653,378.76694,335307.84,1371328.5,2.0,1,LOW
12,651,2715,739.7018,378.8195,334255.53,1371893.9,2.0,1,LOW
12,651,2716,739.5891,378.8317,334132.47,1372025.2,2.0,1,LOW
12,651,2717,739.92017,379.09946,334494.03,1374906.5,2.0,1,LOW
12,651,2718,740.50555,379.13516,335133.4,1375290.6,2.0,2,LOW
12,651,2719,741.039,379.22815,335716.03,1376291.2,0.0,0,LOW
12,651,2720,741.4838,379.23566,336201.84,1376372.0,2.0,1,LOW
12,651,2721,741.7015,379.18494,336439.56,1375826.2,0.0,0,LOW
12,651,2722,741.7892,379.0167,336535.34,1374015.9,2.0,1,LOW
12,651,2723,742.0,378.95047,336765.6,1373303.4,2.0,1,LOW
12,651,2724,742.6054,379.11978,337426.8,1375125.1,2.0,1,LOW
12,651,2725,741.7982,379.1294,336545.22,1375228.6,0.0,0,LOW
12,651,2726,741.7057,379.00085,336444.16,1373845.5,2.0,1,LOW
12,651,2727,742.25543,379.41122,337044.56,1378261.1,0.0,0,LOW
12,651,2728,740.93445,379.37405,335601.8,1377861.2,0.0,0,LOW
12,651,2729,740.37946,379.04233,334995.7,1374291.8,0.0,0,LOW
12,651,2730,739.81036,379.10474,334374.12,1374963.2,0.0,0,LOW
12,651,2731,739.8758,378.91766,334445.6,1372950.4,0.0,0,LOW
12,651,2732,739.5738,378.9621,334115.75,1373428.5,0.0,0,LOW
12,651,2733,739.11646,379.04117,333616.25,1374279.2,2.0,1,LOW
12,651,2734,739.29083,378.93686,333806.7,1373156.9,0.0,0,LOW
12,651,2735,738.998,379.3185,333486.84,1377263.5,0.0,0,LOW
12,651,2736,739.70294,379.27292,334256.8,1376773.0,0.0,0,LOW
12,651,2737,739.5696,379.83472,334111.16,1382818.0,0.0,0,LOW
12,651,2738,738.8724,379.24405,333349.66,1376462.2,0.0,0,LOW
12,651,2739,739.4948,379.25717,334029.47,1376603.5,0.0,0,LOW
12,651,2740,740.3095,379.44305,334919.28,1378603.6,0.0,0,LOW
12,651,2741,740.5284,379.66992,335158.3,1381044.8,0.0,0,LOW
12,651,2742,741.36206,379.66638,336068.84,1381006.8,0.0,0,LOW
12,651,2743,741.6738,379.65198,336409.34,1380851.8,0.0,0,LOW
12,651,2744,742.07855,379.34637,336851.38,1377563.4,2.0,1,LOW
12,651,2745,742.58716,379.3169,337406.88,1377246.1,0.0,0,LOW
12,651,2746,742.4926,378.85092,337303.62,1372232.1,0.0,0,LOW
12,651,2747,742.5676,378.63486,337385.53,1369907.2,0.0,0,LOW
12,651,2748,742.9214,378.1225,337771.9,1364394.1,2.0,1,LOW
12,651,2749,743.41394,377.90353,338309.88,1362038.0,0.0,0,LOW
12,651,2750,744.039,378.023,338992.56,1363323.6,0.0,0,LOW
12,651,2751,743.3933,378.50458,338287.34,1368505.4,2.0,1,LOW
12,651,2752,742.3261,379.28738,337121.78,1376928.6,0.0,0,LOW
12,651,2753,741.5899,380.3869,336317.7,1388759.8,2.0,1,LOW
12,651,2754,743.24,380.8462,338119.88,1393701.8,2.0,1,LOW
12,651,2755,744.03125,381.0473,338984.1,1395865.8,0.0,0,LOW
12,651,2756,743.10376,380.7665,337971.1,1392844.4,0.0,0,LOW
12,651,2757,742.4927,381.08835,337303.7,1396307.4,0.0,0,LOW
12,651,2758,740.04376,381.22046,334629.03,1397729.0,0.0,0,LOW
12,651,2759,737.1943,381.04648,331516.88,1395856.9,0.0,0,LOW
12,651,2760,735.9897,380.84552,330201.25,1393694.5,0.0,0,LOW
12,651,2761,735.68054,381.67487,329863.62,1402618.5,0.0,0,LOW
12,651,2762,734.95905,381.19983,329075.62,1397507.0,0.0,1,LOW
12,651,2763,735.3463,380.51166,329498.56,1390102.1,0.0,2,LOW
12,651,2764,734.7453,380.37387,328842.16,1388619.5,0.0,0,LOW
12,651,2765,733.1499,380.52332,327099.72,1390227.5,0.0,0,LOW
12,651,2766,730.36383,380.7053,324056.8,1392185.6,0.0,0,LOW
12,651,2767,727.0907,380.60324,320481.97,1391087.5,2.0,1,LOW
12,651,2768,727.28,380.0356,320688.78,1384979.8,0.0,0,LOW
12,651,2769,728.55426,379.3428,322080.47,1377525.0,0.0,0,LOW
12,651,2770,729.3304,378.79,322928.1,1371576.8,0.0,0,LOW
12,651,2771,730.1932,378.08405,323870.44,1363980.4,2.0,2,LOW
12,651,2772,730.66296,377.47656,324383.53,1357443.8,0.0,0,LOW
12,651,2773,731.1643,376.33066,324931.1,1345113.5,0.0,0,LOW
12,651,2774,731.2925,375.33572,325071.06,1334407.8,0.0,0,LOW
12,651,2775,730.8346,374.9086,324570.97,1329811.8,0.0,0,LOW
12,651,2776,730.8733,374.3686,324613.25,1324001.1,0.0,0,LOW
12,651,2777,730.2255,374.3734,323905.78,1324053.0,0.0,0,LOW
12,651,2778,730.019,374.4446,323680.2,1324819.1,0.0,0,LOW
12,651,2779,729.74176,374.77856,323377.4,1328412.6,0.0,0,LOW
12,651,2780,729.4175,375.0542,323023.25,1331378.5,0.0,0,LOW
12,651,2781,730.0136,375.52078,323674.3,1336399.0,0.0,0,LOW
12,651,2782,730.68964,375.78763,324412.66,1339270.4,0.0,0,LOW
12,651,2783,731.4199,375.67355,325210.28,1338042.9,0.0,0,LOW
12,651,2784,731.96246,375.4928,325802.8,1336097.9,0.0,0,LOW
12,651,2785,732.85236,375.12238,326774.75,1332112.1,0.0,0,LOW
12,651,2786,733.82434,374.65125,327836.3,1327042.6,0.0,0,LOW
12,651,2787,734.3734,374.20496,328436.0,1322240.4,0.0,0,LOW
12,651,2788,734.811,373.86334,328913.9,1318564.6,0.0,0,LOW
12,651,2789,735.378,373.7565,329533.2,1317414.9,0.0,0,LOW
12,651,2790,736.4869,373.69983,330744.28,1316805.1,0.0,0,LOW
12,651,2791,737.6571,373.72742,332022.38,1317102.0,0.0,0,LOW
12,651,2792,738.4501,373.8325,332888.44,1318232.6,0.0,0,LOW
12,651,2793,741.2835,374.3099,335983.06,1323369.8,0.0,0,LOW
12,651,2794,741.2447,375.22134,335940.66,1333177.0,0.0,0,LOW
12,651,2795,742.3659,375.62228,337165.22,1337491.2,0.0,0,LOW
12,651,2796,742.27893,378.17474,337070.25,1364956.4,0.0,0,LOW
12,651,2797,745.2644,378.90338,340330.9,1372796.6,0.0,0,LOW
12,651,2798,746.693,378.34253,341891.2,1366761.8,0.0,0,LOW
12,651,2799,748.0435,377.99826,343366.2,1363057.4,0.0,0,LOW
12,651,2800,748.7687,376.9694,344158.2,1351986.4,0.0,0,LOW
12,651,2801,748.61115,375.68448,343986.12,1338160.5,0.0,0,LOW
12,651,2802,747.14703,375.0412,342387.1,1331238.6,0.0,0,LOW
12,651,2803,745.0006,374.73135,340042.8,1327904.6,0.0,0,LOW
12,651,2804,741.1302,374.5369,335815.6,1325812.1,0.0,0,LOW
12,651,2805,737.26263,374.88736,331591.56,1329583.2,0.0,0,LOW
12,651,2806,732.5145,375.3198,326405.78,1334236.4,0.0,0,LOW
12,651,2807,726.0987,376.59375,319398.53,1347944.4,2.0,1,LOW
12,651,2808,722.60004,377.45282,315577.38,1357188.2,0.0,0,LOW
12,651,2809,722.7873,377.67703,315781.9,1359600.9,2.0,1,LOW
12,651,2810,722.75446,377.7732,315746.03,1360635.5,0.0,0,LOW
12,651,2811,724.99774,377.5593,318196.1,1358334.0,2.0,1,LOW
12,651,2812,726.7081,377.21216,320064.16,1354598.6,0.0,0,LOW
12,651,2813,728.8091,377.22955,322358.75,1354785.9,2.0,1,LOW
12,651,2814,726.93695,375.8895,320314.06,1340366.5,0.0,0,LOW
12,651,2815,727.52185,375.00287,320952.88,1330826.1,0.0,0,LOW
12,651,2816,728.17914,374.37476,321670.75,1324067.5,0.0,0,LOW
12,651,2817,728.40063,373.96,321912.66,1319604.5,0.0,0,LOW
12,651,2818,728.0786,373.7589,321560.97,1317440.9,0.0,0,LOW
12,651,2819,725.53186,373.74734,318779.44,1317316.4,0.0,0,LOW
12,651,2820,723.5617,374.11234,316627.7,1321243.8,0.0,0,LOW
12,651,2821,722.45056,375.31076,315414.12,1334139.1,0.0,0,LOW
12,651,2822,721.9936,376.18845,314915.03,1343583.2,0.0,0,LOW
12,651,2823,722.79816,376.42953,315793.75,1346177.5,0.0,0,LOW
12,651,2824,724.23047,376.33612,317358.1,1345172.2,0.0,0,LOW
12,651,2825,725.2607,376.49063,318483.28,1346834.9,0.0,0,LOW
12,651,2826,726.49725,376.2798,319833.84,1344566.1,0.0,0,LOW
12,651,2827,728.5096,375.78064,322031.66,1339195.1,0.0,0,LOW
12,651,2828,731.6336,375.27646,325443.66,1333770.0,0.0,0,LOW
12,651,2829,734.79706,375.41135,328898.7,1335221.5,0.0,0,LOW
12,651,2830,737.5233,375.8819,331876.25,1340284.8,0.0,0,LOW
12,651,2831,739.0371,376.13208,333529.6,1342976.8,0.0,0,LOW
12,651,2832,739.341,375.94806,333861.5,1340996.6,0.0,0,LOW
12,651,2833,739.1841,375.65906,333690.12,1337886.9,0.0,0,LOW
12,651,2834,739.2985,375.59555,333815.1,1337203.5,0.0,0,LOW
12,651,2835,739.15234,375.11276,333655.47,1332008.6,0.0,0,LOW
12,651,2836,739.0805,374.97015,333577.0,1330474.1,0.0,0,LOW
12,651,2837,739.20416,374.73138,333712.03,1327904.9,0.0,0,LOW
12,651,2838,739.4005,374.47815,333926.5,1325180.0,0.0,0,LOW
12,651,2839,739.91034,374.55054,334483.3,1325959.0,0.0,0,LOW
12,651,2840,740.1899,374.46207,334788.62,1325007.0,0.0,0,LOW
12,651,2841,740.5414,374.23907,335172.53,1322607.5,0.0,0,LOW
12,651,2842,740.7948,374.2494,335449.3,1322718.5,0.0,0,LOW
12,651,2843,741.33966,374.33014,336044.4,1323587.4,0.0,0,LOW
12,651,2844,740.4493,375.01163,335071.94,1330920.4,0.0,0,LOW
12,651,2845,740.36664,375.60892,334981.66,1337347.4,0.0,0,LOW
12,651,2846,741.2715,375.59662,335969.9,1337215.0,0.0,0,LOW
12,651,2847,741.21936,375.4858,335913.0,1336022.8,0.0,0,LOW
12,651,2848,740.5269,375.4402,335156.72,1335531.8,0.0,0,LOW
12,651,2849,740.0972,375.20178,334687.44,1332966.5,0.0,0,LOW
12,651,2850,739.91797,375.26132,334491.66,1333607.1,0.0,0,LOW
12,651,2851,740.33826,375.30508,334950.66,1334078.1,0.0,0,LOW
12,651,2852,741.1221,375.48846,335806.72,1336051.2,0.0,0,LOW
12,651,2853,741.5445,375.64728,336268.1,1337760.1,0.0,0,LOW
12,651,2854,741.9853,375.67715,336749.53,1338081.6,0.0,0,LOW
12,651,2855,742.8211,375.92194,337662.4,1340715.5,0.0,0,LOW
12,651,2856,743.77246,376.38977,338701.44,1345749.6,0.0,0,LOW
12,651,2857,744.396,377.0099,339382.44,1352422.1,0.0,0,LOW
12,651,2858,745.9066,377.35327,341032.3,1356117.1,0.0,0,LOW
12,651,2859,746.4429,377.5371,341618.0,1358095.2,0.0,0,LOW
12,651,2860,748.2252,377.58588,343564.66,1358620.0,0.0,0,LOW
12,651,2861,749.9125,377.85544,345407.44,1361520.5,0.0,0,LOW
12,651,2862,750.6525,377.83047,346215.7,1361251.9,0.0,0,LOW
12,651,2863,751.1858,377.80933,346798.12,1361024.4,0.0,0,LOW
12,651,2864,752.0747,377.6756,347768.97,1359585.4,0.0,0,LOW
12,651,2865,752.6472,377.57248,348394.25,1358475.8,0.0,0,LOW
12,651,2866,753.346,377.54227,349157.47,1358150.8,0.0,0,LOW
12,651,2867,753.54974,377.5947,349379.97,1358714.9,0.0,0,LOW
12,651,2868,754.2144,377.58124,350105.9,1358570.0,0.0,0,LOW
12,651,2869,754.9148,377.8547,350870.84,1361512.6,0.0,0,LOW
12,651,2870,755.5605,377.84586,351576.06,1361417.4,0.0,0,LOW
12,651,2871,755.85876,377.86902,351901.84,1361666.6,0.0,0,LOW
12,651,2872,753.6649,377.77167,349505.78,1360619.1,0.0,0,LOW
12,651,2873,750.29346,377.38516,345823.53,1356460.2,0.0,0,LOW
12,651,2874,748.99664,377.28116,344407.16,1355341.1,0.0,0,LOW
12,651,2875,749.0787,377.3835,344496.78,1356442.5,0.0,0,LOW
12,651,2876,749.18585,377.63647,344613.8,1359164.4,0.0,0,LOW
12,651,2877,748.6113,377.61508,343986.34,1358934.2,0.0,0,LOW
12,651,2878,748.25775,377.55014,343600.2,1358235.4,0.0,0,LOW
12,651,2879,749.0672,377.5057,344484.25,1357757.2,0.0,0,LOW
12,651,2880,749.5879,377.73843,345052.94,1360261.5,0.0,0,LOW
12,651,2881,749.96014,377.8387,345459.5,1361340.5,0.0,0,LOW
12,651,2882,751.1614,378.04712,346771.47,1363583.0,0.0,0,LOW
12,651,2883,752.46576,378.33093,348196.06,1366637.0,0.0,0,LOW
12,651,2884,753.47723,378.3684,349300.78,1367040.2,0.0,0,LOW
12,651,2885,754.29535,378.47562,350194.3,1368193.8,0.0,0,LOW
12,651,2886,754.6949,378.53568,350630.7,1368840.0,0.0,0,LOW
12,651,2887,756.15985,378.51163,352230.7,1368581.2,0.0,0,LOW
12,651,2888,757.7586,378.71198,353976.8,1370737.0,0.0,0,LOW
12,651,2889,758.96136,378.6462,355290.44,1370029.4,0.0,0,LOW
12,651,2890,759.8802,378.34375,356293.94,1366774.9,0.0,0,LOW
12,651,2891,760.1074,377.73798,356542.12,1360256.6,0.0,0,LOW
12,651,2892,760.03174,377.69614,356459.47,1359806.4,0.0,0,LOW
12,651,2893,760.148,377.6262,356586.44,1359053.8,0.0,0,LOW
12,651,2894,759.9223,377.89062,356339.94,1361899.1,0.0,0,LOW
12,651,2895,760.136,378.20123,356573.3,1365241.4,0.0,0,LOW
12,651,2896,761.6327,378.51404,358208.0,1368607.2,0.0,0,LOW
12,651,2897,762.3403,379.03958,358980.8,1374262.2,0.0,0,LOW
12,651,2898,763.3532,379.01965,360087.1,1374047.8,0.0,0,LOW
12,651,2899,763.3257,379.1459,360057.03,1375406.2,0.0,0,LOW
12,651,2900,763.78326,378.92874,360556.8,1373069.5,0.0,0,LOW
12,651,2901,764.4141,378.9892,361245.8,1373720.0,0.0,0,LOW
12,651,2902,764.53107,378.94562,361373.53,1373251.1,0.0,0,LOW
12,651,2903,764.42,378.86453,361252.22,1372378.6,0.0,0,LOW
12,651,2904,764.5675,378.7496,361413.34,1371142.0,0.0,0,LOW
12,651,2905,764.4742,378.9227,361311.4,1373004.5,0.0,0,LOW
12,651,2906,763.74963,378.8905,360520.06,1372658.1,0.0,0,LOW
12,651,2907,762.15466,378.75717,358778.06,1371223.4,0.0,0,LOW
12,651,2908,760.69037,378.7485,357178.8,1371130.1,0.0,0,LOW
12,651,2909,759.1665,379.30417,355514.47,1377109.2,0.0,0,LOW
12,651,2910,756.35736,378.87796,352446.4,1372523.1,0.0,0,LOW
12,651,2911,755.4615,378.842,351467.94,1372136.2,0.0,0,LOW
12,651,2912,752.99457,378.9885,348773.62,1373712.5,0.0,0,LOW
12,651,2913,751.5955,378.92612,347245.62,1373041.2,2.0,1,LOW
12,651,2914,752.99097,378.6466,348769.7,1370033.6,0.0,0,LOW
12,651,2915,755.0711,379.42163,351041.6,1378373.1,0.0,0,LOW
12,651,2916,755.76483,379.5218,351799.25,1379450.9,2.0,1,LOW
12,651,2917,756.3213,379.36804,352407.0,1377796.5,0.0,0,LOW
12,651,2918,756.4419,378.90265,352538.72,1372788.8,0.0,0,LOW
12,651,2919,756.7409,378.27728,352865.28,1366059.6,0.0,0,LOW
12,651,2920,756.6621,377.97916,352779.22,1362851.8,0.0,0,LOW
12,651,2921,756.64514,377.92218,352760.72,1362238.6,0.0,0,LOW
12,651,2922,756.388,377.8897,352479.84,1361889.2,0.0,0,LOW
12,651,2923,755.9838,377.6914,352038.44,1359755.5,0.0,0,LOW
12,651,2924,755.8647,377.1673,351908.3,1354116.0,0.0,0,LOW
12,651,2925,755.4822,376.9006,351490.53,1351246.2,0.0,0,LOW
12,651,2926,755.1983,376.87292,351180.5,1350948.4,0.0,0,LOW
12,651,2927,755.3942,376.9991,351394.5,1352306.2,0.0,0,LOW
12,651,2928,755.6701,376.97467,351695.78,1352043.2,0.0,0,LOW
12,651,2929,756.7367,377.515,352860.7,1357857.5,0.0,0,LOW
12,651,2930,757.9014,378.28024,354132.78,1366091.5,0.0,0,LOW
12,651,2931,758.9645,378.90546,355293.84,1372819.0,0.0,0,LOW
12,651,2932,760.5283,379.13284,357001.84,1375265.8,0.0,0,LOW
12,651,2933,761.99585,379.43634,358604.62,1378531.4,0.0,0,LOW
12,651,2934,762.3807,379.35376,359024.94,1377642.9,0.0,0,LOW
12,651,2935,762.40753,379.19327,359054.25,1375915.9,0.0,0,LOW
12,651,2936,764.0079,378.94568,360802.12,1373251.8,0.0,0,LOW
12,651,2937,765.2031,379.03198,362107.56,1374180.4,0.0,0,LOW
12,651,2938,766.1137,378.94,363102.06,1373190.8,0.0,0,LOW
12,651,2939,766.7673,379.0094,363815.88,1373937.4,0.0,0,LOW
12,651,2940,767.2305,378.67322,364321.84,1370320.0,0.0,0,LOW
12,651,2941,767.1052,378.30188,364184.97,1366324.4,0.0,0,LOW
12,651,2942,767.0346,378.07452,364107.84,1363877.9,0.0,0,LOW
12,651,2943,765.11804,377.98474,362014.62,1362911.9,0.0,0,LOW
12,651,2944,763.3596,377.6956,360094.1,1359800.5,0.0,0,LOW
12,651,2945,763.00195,377.78217,359703.47,1360732.1,0.0,0,LOW
12,651,2946,763.0837,378.15118,359792.72,1364702.8,0.0,0,LOW
12,651,2947,762.4567,378.0937,359108.0,1364084.1,0.0,0,LOW
12,651,2948,760.5783,378.32812,357056.4,1366606.8,0.0,0,LOW
12,651,2949,759.33545,378.64374,355699.0,1370002.8,0.0,0,LOW
12,651,2950,759.37885,378.7906,355746.4,1371583.0,0.0,0,LOW
12,651,2951,760.5067,378.9304,356978.22,1373087.2,0.0,0,LOW
12,651,2952,760.646,379.1272,357130.34,1375205.0,0.0,0,LOW
12,651,2953,760.53766,378.91006,357012.03,1372868.5,0.0,0,LOW
12,651,2954,760.2274,378.81244,356673.2,1371818.1,0.0,0,LOW
12,651,2955,760.8506,378.5907,357353.8,1369432.1,0.0,0,LOW
12,651,2956,762.17975,379.5165,358805.47,1379394.0,0.0,0,LOW
12,651,2957,763.0691,379.5695,359776.78,1379964.1,0.0,0,LOW
12,651,2958,763.2979,379.18262,360026.72,1375801.2,0.0,0,LOW
12,651,2959,763.2243,378.84863,359946.3,1372207.5,0.0,0,LOW
12,651,2960,763.02655,378.66498,359730.34,1370231.4,0.0,0,LOW
12,651,2961,762.8764,378.4816,359566.34,1368258.1,0.0,0,LOW
12,651,2962,762.6275,378.4069,359294.5,1367454.2,0.0,0,LOW
12,651,2963,762.6668,378.4008,359337.44,1367388.6,0.0,0,LOW
12,651,2964,763.194,378.3901,359913.2,1367273.6,0.0,0,LOW
12,651,2965,763.6728,378.4344,360436.16,1367750.1,0.0,0,LOW
12,651,2966,764.7338,378.45844,361595.0,1368008.9,0.0,0,LOW
12,651,2967,765.37537,378.50397,362295.66,1368498.9,0.0,0,LOW
12,651,2968,765.65234,378.37317,362598.16,1367091.4,0.0,0,LOW
12,651,2969,766.31476,378.25427,363321.66,1365812.1,0.0,0,LOW
12,651,2970,767.5526,378.02722,364673.6,1363369.0,0.0,0,LOW
12,651,2971,767.87085,378.08194,365021.2,1363957.8,0.0,0,LOW
12,651,2972,768.6576,378.19833,365880.44,1365210.1,0.0,0,LOW
12,651,2973,769.7708,378.56216,367096.28,1369125.0,0.0,0,LOW
12,651,2974,770.7354,379.0029,368149.78,1373867.5,0.0,0,LOW
12,651,2975,771.2371,378.937,368697.75,1373158.5,0.0,0,LOW
12,651,2976,771.2148,378.76144,368673.34,1371269.4,0.0,0,LOW
12,651,2977,771.17334,378.48032,368628.1,1368244.4,0.0,0,LOW
12,651,2978,771.38354,378.45026,368857.66,1367920.9,0.0,0,LOW
12,651,2979,771.3625,378.35425,368834.66,1366887.9,0.0,0,LOW
12,651,2980,770.22064,378.28036,367587.56,1366092.9,0.0,0,LOW
12,651,2981,769.44806,377.94156,366743.78,1362447.2,0.0,0,LOW
12,651,2982,768.6955,378.1075,365921.8,1364232.9,0.0,0,LOW
12,651,2983,768.84357,378.4071,366083.56,1367456.6,0.0,0,LOW
12,651,2984,768.30054,378.6601,365490.47,1370178.9,0.0,0,LOW
12,651,2985,766.30414,378.47214,363310.06,1368156.4,0.0,0,LOW
12,651,2986,766.71826,378.17123,363762.34,1364918.5,0.0,0,LOW
12,651,2987,768.6811,378.89578,365906.1,1372714.9,0.0,0,LOW
12,651,2988,768.8362,379.03604,366075.5,1374224.1,0.0,0,LOW
12,651,2989,769.46796,378.57416,366765.5,1369254.1,0.0,0,LOW
12,651,2990,769.6813,378.43625,366998.47,1367770.1,0.0,0,LOW
